id,tag,rating
176,cult film,4
176,dreams,2
176,love,2
176,nudity (topless),2
176,satire,4
427,bad acting,1
427,horror,3
427,nudity (topless),2
427,suspense,4
427,thriller,5
1007,acting,1
1007,dialogue,1
1007,disney,2
1007,funny,4
1007,silly,4
1966,cerebral,4
1966,christmas,3
1966,dialogue driven,4
1966,drama,5
1966,intelligent,4
1966,new york city,3
1966,philosophy,4
1966,quotable,3
1966,witty,4
1981,cheesy,3
1981,funny,3
1981,high school,2
1981,new york city,3
1981,serial killer,4
2034,acting,1
2034,bad science,2
2034,dialogue,1
2034,disney,1
2034,robots,4
2034,silly,2
2034,space,5
2034,space travel,5
2163,bad acting,2
2163,based on a book,1
2163,cult film,3
2163,funny,2
2163,musical,3
2163,parody,4
2163,sci-fi,4
2696,classic,2
2696,clever,3
2696,comedy,5
2696,dialogue driven,4
2696,epic,1
2696,funny,3
2696,good acting,2
2696,good dialogue,3
2696,hilarious,3
2696,paris,2
2696,witty,3
3066,history,4
3066,japan,3
3066,military,4
3066,war,5
3066,world war ii,5
3074,atmospheric,4
3074,based on a book,2
3074,gritty,4
3074,revenge,4
3074,survival,5
3420,al pacino,1
3420,comedy,3
3420,corruption,4
3420,crime,5
3420,drama,5
3420,satire,4
3420,suspense,4
3528,based on a book,2
3528,gay,2
3528,intense,2
3528,memory,3
3528,mental illness,4
3528,new york city,2
3528,rape,3
3831,british,3
3831,british comedy,5
3831,comedy,5
3831,drugs,4
3831,england,3
4167,Thriller,5
4167,death,3
4167,detective,4
4167,humorous,2
4167,new york city,2
4167,nudity (topless),2
4167,prison,3
4167,revenge,4
4167,suspense,5
4167,violence,4
4329,atmospheric,4
4329,humorous,3
4329,murder,3
4329,quirky,2
4329,tense,4
4329,western,5
4427,anthony hopkins,1
4427,christmas,2
4427,england,3
4427,father-son relationship,5
4427,gay,3
4427,great acting,2
4427,great dialogue,2
4427,great performances,2
4427,historical,5
4427,history,5
4427,intelligent,2
4427,witty,2
5027,action,5
5027,comedy,5
5027,crime,5
5027,investigation,4
5027,nudity (topless),2
5027,prison,4
5222,cute,2
5222,gay,4
5222,new york city,2
5222,predictable,2
5222,relationships,4
5222,sexuality,4
6650,based on a book,3
6650,black and white,2
6650,black comedy,5
6650,british comedy,5
6650,cliche,2
6650,comedy,5
6650,dark comedy,5
6650,drama,5
6650,england,3
6650,family,2
6650,friendship,2
6650,humorous,4
6650,imdb top 250,1
6650,murder,4
6650,narrated,2
6650,plot twist,3
6650,prison,3
6650,revenge,4
6650,satire,5
6650,satirical,5
6650,serial killer,4
6650,storytelling,2
6650,suicide,3
6650,witty,4
187717,based on a true story,4
187717,biography,4
187717,documentary,5
187717,emotional,3
187717,heartwarming,3
187717,love,2
187717,tom hanks,1
502,coming of age,5
502,high school,5
502,martial arts,5
502,revenge,4
502,romance,5
502,teen,5
1963,absurd,4
1963,black comedy,5
1963,dark comedy,5
1963,funny,3
1963,mockumentary,5
1963,narrated,3
1963,prison,3
1963,satire,5
2022,based on a book,3
2022,controversial,3
2022,epic,3
2022,long,2
2022,love,2
2022,martin scorsese,1
2022,memory,2
2022,murder,2
2022,nudity (topless),2
2022,religion,5
2022,slow,2
2022,soundtrack,2
2022,storytelling,2
2022,surrealism,3
2022,violence,2
3152,bittersweet,4
3152,black and white,4
3152,christmas,2
3152,coming of age,5
3152,death,3
3152,friendship,4
3152,gay,3
3152,high school,4
3152,love,3
3152,nudity (topless),2
3152,reflective,4
3152,sexuality,3
3152,twist ending,2
3201,classic,2
3201,clever,2
3201,cult film,3
3201,existentialism,5
3201,friendship,3
3201,intellectual,2
3201,jack nicholson,1
3201,love,3
3201,melancholy,4
3201,nudity (topless),2
3201,road trip,5
3668,beautiful,2
3668,drama,5
3668,love,4
3668,realistic,2
3668,romance,5
4155,cliche,3
4155,drama,5
4155,keanu reeves,1
4155,love,3
4155,quirky,3
4155,sad,3
4155,twist ending,3
4255,absurd,4
4255,boring,2
4255,funny,3
4255,surreal,4
4255,surrealism,4
4255,weird,3
4255,witty,2
4678,cult film,5
4678,fun,2
4678,funny,3
4678,parody,5
4678,quirky,3
4678,satire,5
4678,weird,3
8607,anime,5
8607,black comedy,4
8607,car chase,2
8607,christmas,4
8607,comedy,5
8607,dark comedy,4
8607,drama,5
8607,family,3
8607,funny,3
8607,japan,3
8607,multiple storylines,4
8607,overrated,1
8607,social commentary,4
8607,surrealism,3
8633,1980s,2
8633,aliens,4
8633,bad acting,1
8633,cheesy,1
8633,space,4
32017,action,5
32017,disney,2
32017,espionage,4
32017,family,5
32017,predictable,1
32017,spy,4
45442,boring,1
45442,predictable,1
45442,remake,2
45442,survival,5
45442,suspense,4
45442,unrealistic,1
49932,atmospheric,5
49932,boring,2
49932,cinematography,3
49932,confusing,4
49932,dark,4
49932,disturbing,4
49932,dreamlike,5
49932,long,2
49932,mindfuck,4
49932,murder,3
49932,nudity (topless),1
49932,slow,2
49932,stylized,4
49932,surreal,5
49932,unique,2
49932,weird,3
85412,action,2
85412,adventure,2
85412,atmospheric,3
85412,bad acting,1
85412,boring,1
85412,comedy,2
85412,conspiracy,2
85412,fantasy,5
85412,horror,5
85412,mindfuck,2
85412,mockumentary,4
85412,mythology,4
85412,original,1
85412,religion,2
90430,acting,1
90430,dark comedy,5
90430,dialogue,3
90430,dialogue driven,3
90430,drama,5
90430,ensemble cast,2
90430,good acting,1
90430,psychological,4
90430,psychology,4
90430,satire,5
90430,satirical,5
90430,social commentary,5
113348,action,5
113348,comic book,5
113348,conspiracy,3
113348,fun,3
113348,martial arts,5
113348,new york city,2
113348,plot holes,2
113348,remake,2
113348,silly,3
113348,superhero,5
113348,surprise ending,2
113348,violence,4
135141,action,5
135141,bad science,3
135141,based on a book,4
135141,conspiracy,4
135141,corruption,3
135141,dystopia,5
135141,futuristic,5
135141,martial arts,2
135141,memory,2
135141,plot holes,1
135141,plot twist,2
135141,predictable,1
135141,revenge,2
135141,sequel,3
135141,social commentary,3
135141,surrealism,1
135141,technology,4
135141,violence,4
141866,action,4
141866,atmospheric,4
141866,cheesy,2
141866,cinematography,3
141866,confusing,2
141866,drugs,3
141866,gore,4
141866,murder,3
141866,music,3
141866,revenge,3
141866,stylish,3
141866,stylized,3
141866,survival,4
141866,suspense,4
141866,thriller,5
141866,violence,4
141866,war,1
275245,aliens,3
275245,black comedy,2
275245,confusing,1
275245,creepy,4
275245,dark comedy,2
275245,dark humor,2
275245,horror,5
275245,long,1
275245,mystery,5
275245,psychological thriller,4
275245,satire,2
275245,sci-fi,5
275245,surrealism,2
275245,suspenseful,3
275245,thriller,5
275245,unique,1
275245,western,2
267,classic,3
267,comedy,5
267,cult film,4
267,funny,2
267,hilarious,2
267,martial arts,4
267,military,4
267,remake,3
267,violence,3
1241,absurd,4
1241,black comedy,5
1241,cult classic,4
1241,cult film,4
1241,dark comedy,5
1241,disturbing,3
1241,funny,3
1241,gore,5
1241,hilarious,3
1241,horror,5
1241,murder,2
1241,zombies,5
2450,1980s,3
2450,action,4
2450,aliens,4
2450,alternate reality,3
2450,apocalypse,2
2450,cheesy,3
2450,comic book,4
2450,cult classic,3
2450,cult film,3
2450,fun,2
2450,funny,3
2450,martial arts,2
2450,marvel,4
2450,sci-fi,5
2450,silly,3
2450,superhero,4
2966,acting,1
2966,based on a true story,4
2966,biography,4
2966,boring,1
2966,disney,2
2966,family,4
2966,imdb top 250,1
2966,inspirational,3
2966,road trip,5
2966,slow,1
3100,beautifully filmed,3
3100,brad pitt,1
3100,cinematography,4
3100,classic,2
3100,coming of age,5
3100,father-son relationship,5
3100,religion,4
6755,comedy,5
6755,cult classic,4
6755,cult film,4
6755,death,2
6755,funny,4
6755,great soundtrack,2
6755,hilarious,4
6755,horror,5
6755,martial arts,3
6755,mental illness,2
6755,quirky,4
7460,atmospheric,4
7460,bill murray,1
7460,black and white,3
7460,boring,2
7460,dialogue,4
7460,dialogue driven,4
7460,good dialogue,3
7460,surreal,4
8947,atmospheric,4
8947,horror,5
8947,japan,2
8947,nonlinear,3
8947,remake,2
8947,suicide,2
27721,based on a book,2
27721,boring,1
27721,confusing,1
27721,depressing,1
27721,paris,2
27721,romance,5
27721,slow paced,1
27721,war,5
40339,aliens,3
40339,animation,5
40339,coming of age,4
40339,cute,2
40339,disney,2
40339,father-son relationship,3
40339,funny,3
40339,pixar,1
40339,silly,3
43836,comedy,5
43836,crime,5
43836,cult film,3
43836,death,2
43836,heist,3
43836,investigation,3
43836,murder,2
43836,mystery,3
43836,new york city,2
43836,parody,4
43836,remake,3
43836,spy,4
55805,acting,2
55805,crime,5
55805,death,3
55805,drama,5
55805,drugs,3
55805,investigation,3
55805,murder,4
55805,neo-noir,4
55805,new york city,2
55805,nonlinear,3
55805,nudity (topless),1
55805,sad,3
55805,social commentary,3
55805,tense,4
55805,thriller,5
55805,violence,4
61248,action,5
61248,car chase,4
61248,cheesy,3
61248,dystopia,4
61248,gore,4
61248,predictable,2
61248,prison,4
61248,remake,3
61248,violence,4
72733,based on a true story,4
72733,biography,5
72733,clint eastwood,1
72733,drama,5
72733,matt damon,1
72733,morgan freeman,1
72733,politics,4
72733,racism,5
73344,acting,1
73344,cinematography,2
73344,corruption,5
73344,drugs,4
73344,great acting,1
73344,gritty,4
73344,long,2
73344,mafia,5
73344,overrated,1
73344,prison,5
73344,psychology,3
122896,action,5
122896,adventure,5
122896,dark,3
122896,disney,2
122896,fantasy,5
122896,funny,3
122896,johnny depp,1
122896,plot holes,2
122896,sequel,2
122896,special effects,3
122896,violence,3
122896,violent,3
122898,apocalypse,4
122898,assassin,2
122898,batman,2
122898,comic book,5
122898,dark hero,4
122898,death,2
122898,dialogue,1
122898,ensemble cast,2
122898,humor,2
122898,investigation,2
122898,martial arts,2
122898,marvel,1
122898,murder,2
122898,prison,1
122898,sequel,1
122898,superhero,5
122898,surrealism,1
122898,technology,3
122898,violence,3
125916,bad acting,1
125916,based on a book,3
125916,boring,1
125916,chick flick,4
125916,drama,5
125916,fantasy,3
125916,love,3
125916,nudity (topless),3
125916,plot holes,1
125916,psychological,4
125916,sexuality,4
125916,soundtrack,1
125916,stupid,1
130634,action,5
130634,car chase,4
130634,crime,5
130634,drama,2
130634,emotional,2
130634,ensemble cast,1
130634,family,2
130634,great soundtrack,1
130634,happy ending,2
130634,heist,3
130634,humorous,2
130634,long,1
130634,plot holes,1
130634,revenge,3
130634,silly,2
130634,stupid,1
130634,suspense,3
130634,technology,2
130634,thriller,5
130634,unrealistic,1
194951,apocalypse,5
194951,atmospheric,5
194951,based on a book,2
194951,boring,1
194951,creepy,4
194951,drama,5
194951,dystopia,4
194951,future,3
194951,horror,4
194951,nonlinear,4
194951,overrated,1
194951,plot holes,1
194951,post-apocalyptic,5
194951,predictable,1
194951,slow paced,2
194951,suicide,3
194951,survival,5
194951,suspense,5
194951,thriller,5
5,comedy,5
5,family,5
5,fantasy,2
5,heartwarming,4
5,humorous,4
5,remake,3
5,sentimental,4
5,sequel,3
5,touching,4
151,adventure,4
151,atmospheric,3
151,biography,2
151,history,4
151,rape,2
151,tense,3
151,western,2
610,drugs,4
610,fantasy,5
610,gore,4
610,inspirational,2
610,nudity (full frontal),4
610,nudity (topless),4
610,sci-fi,5
610,surreal,5
783,animation,5
783,based on a book,3
783,dark,3
783,disney,2
783,emotional,3
783,heartwarming,3
783,musical,5
783,paris,3
783,religion,3
783,sentimental,3
783,soundtrack,3
1284,atmospheric,3
1284,based on a book,2
1284,black and white,2
1284,classic,2
1284,crime,5
1284,detective,5
1284,dialogue,2
1284,film noir,5
1284,imdb top 250,1
1284,murder,4
1284,mystery,5
1284,neo-noir,3
1284,suspense,4
1284,thriller,5
1688,adventure,5
1688,animation,5
1688,classic,3
1688,cute,3
1688,funny,3
1688,great soundtrack,3
1688,love,2
1688,magic,3
1688,music,4
1688,musical,5
1688,romantic,3
1688,soundtrack,3
1688,strong female lead,3
1688,witty,2
1960,acting,2
1960,based on a true story,4
1960,biography,5
1960,boring,1
1960,cinematography,4
1960,epic,4
1960,historical,5
1960,history,5
1960,japan,3
1960,long,1
1960,murder,2
1960,music,2
1960,oscar (best picture),2
1960,prison,3
1960,slow,1
1960,suicide,2
1960,too long,1
1960,true story,4
1960,visually stunning,3
1960,war,4
1960,world war ii,5
2004,christmas,2
2004,cult film,4
2004,new york city,2
2004,satire,5
2004,satirical,5
2004,sequel,4
2004,social commentary,4
2004,steven spielberg,1
2004,surprise ending,2
2580,black comedy,5
2580,car chase,3
2580,christmas,2
2580,comedy,5
2580,crime,5
2580,cult film,4
2580,dark comedy,5
2580,drugs,3
2580,ensemble cast,2
2580,funny,4
2580,humorous,4
2580,multiple storylines,4
2580,nonlinear,4
2580,nudity (topless),2
2580,revenge,3
2580,storytelling,3
3386,boring,1
3386,conspiracy,5
3386,controversial,2
3386,death,3
3386,dialogue,2
3386,drama,5
3386,ensemble cast,2
3386,great acting,1
3386,historical,5
3386,history,5
3386,investigation,4
3386,long,1
3386,overrated,1
3386,politics,5
3386,thriller,5
3386,true story,4
3745,aliens,4
3745,animation,5
3745,apocalypse,4
3745,cliche,1
3745,cult film,2
3745,dystopia,3
3745,father-son relationship,3
3745,future,4
3745,futuristic,4
3745,love,2
3745,matt damon,1
3745,murder,2
3745,plot holes,1
3745,post-apocalyptic,4
3745,prison,2
3745,sci-fi,5
3745,space,5
3745,space travel,5
3745,violence,3
5014,acting,2
5014,bittersweet,4
5014,feel-good,3
5014,mental illness,5
5014,psychology,4
5014,soundtrack,2
5014,thought-provoking,4
5014,touching,3
5014,unrealistic,2
5954,crime,5
5954,dark,4
5954,depressing,4
5954,drugs,3
5954,edward norton,1
5954,friendship,3
5954,homosexuality,2
5954,japan,1
5954,melancholy,4
5954,new york city,3
5954,powerful ending,2
5954,prison,3
5954,psychology,3
5954,surrealism,1
6440,apocalypse,2
6440,black comedy,5
6440,cinematography,2
6440,coen brothers,1
6440,cult film,4
6440,dark comedy,5
6440,disturbing,3
6440,hallucinatory,3
6440,murder,2
6440,neo-noir,5
6440,new york city,2
6440,quirky,4
6440,satire,5
6440,serial killer,2
6440,stylized,3
6440,surprise ending,2
6440,surreal,5
6440,surrealism,5
6440,twist,2
6440,weird,4
6867,cute,4
6867,friendship,5
6867,loneliness,5
6867,melancholy,4
6867,quirky,4
6867,satirical,2
6867,slow paced,4
6867,touching,4
47997,black comedy,5
47997,car chase,2
47997,cult film,4
47997,dark comedy,5
47997,dystopia,5
47997,friendship,2
47997,funny,3
47997,future,4
47997,futuristic,4
47997,genius,2
47997,military,2
47997,narrated,2
47997,overrated,1
47997,politics,4
47997,prison,2
47997,satire,5
47997,satirical,5
47997,social commentary,5
47997,space,1
47997,stupid,2
47997,surprise ending,2
47997,thought-provoking,4
47997,time travel,4
53519,black comedy,5
53519,car chase,5
53519,dark comedy,5
53519,dialogue,3
53519,feminism,3
53519,friendship,2
53519,gore,5
53519,great dialogue,2
53519,great soundtrack,2
53519,murder,4
53519,overrated,1
53519,quentin tarantino,1
53519,revenge,4
53519,slow,2
53519,slow paced,2
53519,stylish,3
53519,stylized,3
53519,too long,1
53519,violence,5
53519,violent,5
64620,based on a true story,4
64620,boring,2
64620,good acting,2
64620,historical,5
64620,history,5
64620,intelligent,3
64620,politics,4
64620,suspense,4
64620,true story,4
65514,action,5
65514,biography,4
65514,cliche,3
65514,drama,5
65514,family,2
65514,inspirational,3
65514,martial arts,5
65514,predictable,3
65514,racism,3
89904,black and white,4
89904,boring,1
89904,cinematography,3
89904,drama,5
89904,emotional,2
89904,original,2
89904,oscar (best picture),3
89904,overrated,1
89904,romance,5
89904,sentimental,2
89904,silly,1
89904,visually appealing,3
356,1980s,3
356,acting,2
356,action,1
356,adventure,2
356,bad acting,1
356,based on a book,4
356,beautiful,2
356,biography,3
356,bittersweet,4
356,boring,1
356,cheesy,2
356,chick flick,1
356,classic,4
356,comedy,5
356,coming of age,4
356,cult classic,2
356,cult film,2
356,cute,2
356,dark comedy,2
356,drama,5
356,emotional,4
356,epic,4
356,excellent script,2
356,family,3
356,fantasy,1
356,feel good movie,4
356,feel-good,4
356,friendship,4
356,fun,3
356,funny,3
356,good acting,2
356,good dialogue,2
356,great acting,2
356,great performances,2
356,great soundtrack,2
356,happy ending,2
356,heartwarming,4
356,historical,4
356,history,4
356,humor,3
356,humorous,3
356,imdb top 250,2
356,inspirational,4
356,intense,2
356,interesting,2
356,long,2
356,love,3
356,love story,4
356,masterpiece,3
356,mental illness,2
356,military,3
356,multiple storylines,2
356,narrated,3
356,new york city,1
356,original,2
356,oscar (best picture),3
356,overrated,1
356,philosophical,2
356,political,2
356,psychological,2
356,psychology,2
356,quirky,3
356,quotable,3
356,racism,2
356,realistic,2
356,reflective,3
356,romance,5
356,sad,3
356,satire,2
356,sentimental,4
356,sexuality,1
356,silly,2
356,slow,2
356,smart,2
356,social commentary,3
356,soundtrack,2
356,special effects,1
356,steven spielberg,1
356,storytelling,3
356,stupid,1
356,surprise ending,1
356,thought-provoking,3
356,tom hanks,1
356,too long,2
356,touching,4
356,unpredictable,2
356,war,5
356,whimsical,3
356,witty,2
434,action,5
434,clint eastwood,1
434,heist,3
434,organized crime,3
434,thriller,5
596,animation,5
596,classic,3
596,cute,2
596,disney,1
596,disturbing,2
596,fairy tale,4
596,fantasy,5
596,fun,2
596,magic,3
596,music,4
596,musical,5
596,pixar,1
596,weird,2
1562,action,5
1562,artificial intelligence,2
1562,atmospheric,3
1562,bad acting,3
1562,bad science,3
1562,batman,3
1562,black comedy,4
1562,car chase,4
1562,cheesy,3
1562,comic book,5
1562,death,2
1562,funny,3
1562,george clooney,1
1562,heist,2
1562,martial arts,3
1562,murder,2
1562,quotable,2
1562,revenge,2
1562,sequel,4
1562,silly,3
1562,soundtrack,2
1562,superhero,5
1562,surprise ending,2
1562,violence,3
1994,1980s,2
1994,classic,3
1994,creepy,5
1994,family,2
1994,fun,2
1994,horror,5
1994,love,1
1994,steven spielberg,1
1994,supernatural,5
1994,suspense,5
1994,thriller,5
2080,animation,5
2080,christmas,2
2080,classic,2
2080,disney,2
2080,drama,2
2080,family,4
2080,romance,5
2080,romantic,5
2278,action,5
2278,boring,1
2278,car chase,4
2278,crime,5
2278,intelligent,2
2278,mafia,4
2278,organized crime,4
2278,paris,2
2278,robert de niro,1
2278,thriller,5
2278,violence,3
2420,1980s,3
2420,Drama,1
2420,classic,3
2420,comedy,2
2420,coming of age,5
2420,feel-good,4
2420,inspirational,5
2420,martial arts,5
2420,violence,2
2791,absurd,4
2791,classic,2
2791,clever,3
2791,comedy,5
2791,dark comedy,2
2791,fun,3
2791,funny,3
2791,genius,2
2791,hilarious,3
2791,original,2
2791,parody,5
2791,quotable,2
2791,romance,2
2791,silly,4
2791,war,2
5388,al pacino,1
5388,atmospheric,4
5388,christopher nolan,1
5388,corruption,4
5388,dark,4
5388,detective,4
5388,love,2
5388,murder,4
5388,neo-noir,5
5388,psychological,5
5388,psychology,4
5388,remake,3
5388,robin williams,1
5388,soundtrack,2
5388,thought-provoking,3
6541,alternate reality,4
6541,comic book,5
6541,cult film,3
6541,england,3
6541,gothic,3
6541,martial arts,3
6541,murder,2
6541,nazis,2
6541,suicide,2
6541,superhero,5
6541,supernatural,4
6541,surprise ending,2
6541,too long,1
6541,vampires,3
6541,violence,3
6953,boring,2
6953,crime,5
6953,death,4
6953,depressing,3
6953,drama,5
6953,intense,4
6953,melancholy,3
6953,multiple storylines,5
6953,murder,4
6953,nonlinear,5
6953,nudity (topless),2
6953,psychological,4
6953,realistic,3
6953,religion,2
6953,remake,1
6953,revenge,3
6953,slow,2
6953,storytelling,4
6953,thriller,5
6953,violent,4
30707,bittersweet,4
30707,cheesy,2
30707,clint eastwood,1
30707,dark,4
30707,dark hero,3
30707,death,4
30707,depressing,4
30707,drama,5
30707,emotional,4
30707,england,1
30707,friendship,3
30707,good acting,2
30707,great acting,2
30707,gritty,4
30707,imdb top 250,1
30707,inspirational,4
30707,intense,4
30707,morgan freeman,1
30707,murder,2
30707,mythology,1
30707,narrated,3
30707,oscar (best picture),1
30707,overrated,2
30707,philosophical,3
30707,predictable,2
30707,road trip,1
30707,sad,4
30707,slow,3
30707,slow paced,3
30707,social commentary,3
30707,strong female lead,4
30707,suicide,4
30707,thought-provoking,4
30707,violence,3
30749,based on a true story,4
30749,biography,5
30749,classic,2
30749,death,2
30749,depressing,2
30749,drama,5
30749,family,2
30749,history,4
30749,imdb top 250,1
30749,murder,2
30749,racism,3
30749,sad,2
30749,survival,3
30749,thriller,4
30749,true story,4
30749,violence,3
30749,war,5
48385,absurd,4
48385,boring,1
48385,classic,2
48385,comedy,5
48385,controversial,4
48385,crude humor,4
48385,feminism,2
48385,funny,3
48385,hilarious,3
48385,love,1
48385,mockumentary,5
48385,new york city,1
48385,nudity (full frontal),2
48385,overrated,1
48385,quotable,2
48385,racism,3
48385,road trip,4
48385,satire,5
48385,social commentary,4
48385,weird,4
53000,action,5
53000,death,2
53000,england,2
53000,gore,4
53000,military,4
53000,music,1
53000,plot holes,1
53000,post-apocalyptic,5
53000,sequel,2
53000,supernatural,2
53000,surprise ending,1
53000,survival,4
53000,violence,4
53000,zombies,5
66097,alternate reality,4
66097,animation,5
66097,atmospheric,4
66097,based on a book,3
66097,boring,1
66097,creepy,4
66097,dark,4
66097,depressing,3
66097,dystopia,4
66097,fairy tale,5
66097,fantasy,5
66097,fantasy world,4
66097,gothic,4
66097,overrated,1
66097,slow,1
66097,storytelling,2
66097,surreal,4
66097,thought-provoking,2
66097,tim burton,1
66097,unique,2
66097,visually appealing,3
66097,visually stunning,3
66097,whimsical,4
72998,action,5
72998,adventure,5
72998,aliens,5
72998,animation,2
72998,bad science,1
72998,beautiful,1
72998,beautiful scenery,2
72998,boring,1
72998,cinematography,1
72998,cliche,1
72998,dialogue,1
72998,drama,3
72998,epic,3
72998,fantasy,4
72998,funny,1
72998,future,4
72998,futuristic,4
72998,great soundtrack,1
72998,happy ending,1
72998,heartwarming,1
72998,imdb top 250,1
72998,intense,2
72998,long,1
72998,love story,3
72998,military,4
72998,music,1
72998,mythology,3
72998,overrated,1
72998,philosophical,2
72998,politics,2
72998,predictable,1
72998,racism,2
72998,robots,4
72998,romance,4
72998,sci-fi,5
72998,science,3
72998,science fiction,5
72998,social commentary,2
72998,space,5
72998,space travel,5
72998,special effects,2
72998,surreal,2
72998,technology,4
72998,thought-provoking,2
72998,too long,1
72998,unrealistic,1
72998,violent,3
72998,virtual reality,2
72998,visually appealing,1
72998,visually stunning,1
72998,war,4
90405,anti-hero,2
90405,boring,2
90405,car chase,2
90405,cheesy,2
90405,corruption,3
90405,crime,5
90405,cyberpunk,3
90405,death,2
90405,detective,2
90405,dystopia,5
90405,existentialism,3
90405,future,4
90405,love,2
90405,murder,2
90405,original,2
90405,plot holes,1
90405,predictable,2
90405,reflective,2
90405,revenge,2
90405,sci-fi,5
90405,social commentary,4
90405,suicide,2
90405,surprise ending,2
90405,suspense,3
90405,thought-provoking,3
90405,thriller,5
90405,violence,3
111362,action,5
111362,artificial intelligence,3
111362,comedy,2
111362,comic book,4
111362,cyberpunk,1
111362,death,2
111362,dialogue,1
111362,disney,1
111362,dystopia,4
111362,ensemble cast,1
111362,funny,1
111362,martial arts,2
111362,marvel,4
111362,military,3
111362,murder,2
111362,new york city,1
111362,nonlinear,3
111362,paris,1
111362,prison,3
111362,revenge,2
111362,sci-fi,5
111362,science fiction,5
111362,sequel,2
111362,social commentary,3
111362,special effects,3
111362,superhero,5
111362,surprise ending,2
111362,surrealism,1
111362,survival,2
111362,suspense,2
111362,time travel,5
111362,violence,2
1258,atmospheric,5
1258,bad acting,1
1258,based on a book,4
1258,cinematography,4
1258,classic,2
1258,creepy,5
1258,cult film,2
1258,dark,4
1258,disturbing,4
1258,dreamlike,4
1258,family,1
1258,great acting,1
1258,hallucinatory,4
1258,horror,5
1258,imdb top 250,1
1258,insanity,4
1258,jack nicholson,1
1258,loneliness,3
1258,masterpiece,2
1258,mental illness,4
1258,mindfuck,4
1258,murder,4
1258,mystery,3
1258,nudity (full frontal),2
1258,overrated,1
1258,psychological,5
1258,psychological thriller,5
1258,psychology,4
1258,stanley kubrick,1
1258,stephen king,2
1258,stylized,3
1258,supernatural,4
1258,suspense,5
1258,tense,4
1258,thriller,5
1258,time travel,1
1258,too long,1
1258,violence,4
1258,violent,4
1258,visually appealing,3
59784,acting,2
59784,action,5
59784,animation,5
59784,anti-hero,2
59784,atmospheric,2
59784,clever,3
59784,comedy,5
59784,cult film,2
59784,cute,3
59784,family,5
59784,father-son relationship,2
59784,funny,3
59784,great soundtrack,2
59784,martial arts,5
59784,pixar,1
59784,prison,1
59784,touching,2
59784,violence,2
4144,atmospheric,5
4144,beautiful,4
4144,bittersweet,4
4144,cinematography,5
4144,confusing,2
4144,cute,2
4144,great acting,3
4144,great cinematography,5
4144,great soundtrack,3
4144,japan,1
4144,loneliness,4
4144,love,4
4144,martial arts,1
4144,masterpiece,2
4144,melancholy,5
4144,music,3
4144,psychological,3
4144,romantic,4
4144,slow,3
4144,soundtrack,3
4144,stylized,4
4144,unique,2
4144,visually appealing,4
4144,visually stunning,4
152081,animation,5
152081,conspiracy,2
152081,cute,2
152081,disney,1
152081,friendship,3
152081,funny,3
152081,humor,3
152081,racism,3
152081,revenge,2
152081,social commentary,4
152081,strong female lead,3
152081,visually stunning,3
168492,1980s,3
168492,artistic,4
168492,atmospheric,4
168492,boring,2
168492,cinematography,4
168492,coming of age,5
168492,dialogue driven,3
168492,emotional,4
168492,gay,4
168492,good acting,2
168492,great acting,2
168492,homosexuality,4
168492,love,3
168492,love story,4
168492,melancholy,4
168492,overrated,2
168492,romance,5
168492,sexuality,4
168492,slow,3
168492,too long,2
168492,touching,3
168492,visually appealing,4
122912,action,5
122912,adventure,5
122912,aliens,4
122912,alternate reality,3
122912,anti-hero,3
122912,apocalypse,4
122912,assassin,2
122912,boring,2
122912,comic book,5
122912,cult film,2
122912,dark,3
122912,death,2
122912,emotional,3
122912,ensemble cast,3
122912,epic,4
122912,fantasy,4
122912,funny,3
122912,great acting,2
122912,humor,3
122912,magic,3
122912,martial arts,2
122912,marvel,4
122912,murder,2
122912,new york city,2
122912,paranoia,1
122912,plot holes,2
122912,predictable,2
122912,revenge,2
122912,robert downey jr.,1
122912,sad,2
122912,samuel l. jackson,1
122912,sci-fi,5
122912,sequel,3
122912,silly,2
122912,slow,2
122912,space,4
122912,space travel,4
122912,stupid,2
122912,suicide,1
122912,superhero,5
122912,surprise ending,3
122912,surrealism,1
122912,suspense,3
122912,time travel,3
122912,violence,3
122912,visually appealing,3
122912,visually stunning,3
122912,war,3
95510,action,5
95510,christmas,1
95510,comic book,5
95510,death,2
95510,dialogue,2
95510,funny,2
95510,good dialogue,2
95510,high school,3
95510,intense,2
95510,love,2
95510,martial arts,2
95510,marvel,4
95510,murder,1
95510,new york city,3
95510,overrated,1
95510,remake,3
95510,revenge,2
95510,romance,3
95510,special effects,4
95510,superhero,5
95510,surprise ending,1
95510,violence,3
1721,action,2
1721,atmospheric,4
1721,bad acting,2
1721,based on a true story,5
1721,bittersweet,4
1721,chick flick,3
1721,cinematography,4
1721,classic,4
1721,cliche,2
1721,drama,5
1721,epic,4
1721,good acting,2
1721,historical,4
1721,history,4
1721,leonardo dicaprio,1
1721,long,2
1721,love,4
1721,love story,5
1721,masterpiece,3
1721,music,3
1721,nudity (topless),2
1721,oscar (best picture),3
1721,overrated,2
1721,predictable,2
1721,realistic,3
1721,romance,5
1721,romantic,5
1721,sentimental,4
1721,survival,4
1721,time travel,1
1721,too long,2
1721,true story,5
1721,visually appealing,4
54001,adventure,5
54001,based on a book,4
54001,beautiful,2
54001,boring,2
54001,coming of age,4
54001,england,3
54001,fantasy,5
54001,fantasy world,4
54001,imagination,3
54001,long,2
54001,magic,4
54001,music,2
54001,sequel,3
54001,soundtrack,2
54001,supernatural,4
54001,teen,3
2459,atmospheric,4
2459,brutal,4
2459,cinematography,2
2459,cult classic,4
2459,cult film,4
2459,dark,4
2459,death,3
2459,disturbing,4
2459,family,1
2459,friendship,1
2459,gore,4
2459,gothic,3
2459,horror,5
2459,insanity,3
2459,intense,4
2459,murder,4
2459,paranoia,3
2459,road trip,3
2459,serial killer,4
2459,surprise ending,2
2459,survival,4
2459,suspense,4
2459,tense,4
2459,violence,4
