id,description,tags
999999,"group: me; alignment with me: NA; favorite movies: 12 Angry Men (1957), Amazing Spider-Man, The (2012), Coco (2017); top genre: Drama",anime|anthony hopkins|chick flick|feminism|good dialogue|hayao miyazaki|imaginative|love story|studio ghibli|virtual reality
187488,"group: overlap; alignment with me: high alignment; favorite movies: 12 Angry Men (1957), Boyhood (2014), Eighth Grade (2018); top genre: Drama",artificial intelligence|computers|excellent script|good acting|hayao miyazaki|notable soundtrack|philosophical|psychological thriller|studio ghibli|technology
19969,"group: overlap; alignment with me: high alignment; favorite movies: 12 Angry Men (1957), 2001: A Space Odyssey (1968), Apocalypse Now (1979); top genre: Drama",batman|beautifully filmed|christian bale|clint eastwood|cyberpunk|dark hero|great dialogue|masterpiece|quentin tarantino|wes anderson
43297,"group: overlap; alignment with me: high alignment; favorite movies: About Time (2013), Airplane! (1980), Big Night (1996); top genre: Comedy",alternate reality|beautifully filmed|bill murray|hayao miyazaki|imagination|jack nicholson|parody|studio ghibli|tim burton|virtual reality
140128,"group: contrasting; alignment with me: low alignment; favorite movies: Inception (2010), Departed, The (2006), Fountain, The (2006); top genre: Action",black and white|british comedy|controversial|crude humor|espionage|film noir|jack nicholson|musical|spy|tim burton
98951,"group: contrasting; alignment with me: low alignment; favorite movies: American Pie (1999), And Your Mother Too (Y tu mamá también) (2001), Animal House (1978); top genre: Drama",artistic|bad acting|chick flick|nudity (full frontal)|nudity (topless)|robin williams|sexuality|spy|stupid|vampires
136643,"group: contrasting; alignment with me: low alignment; favorite movies: Alien: Covenant (2017), Alien: Resurrection (1997), Aliens (1986); top genre: Action",absurd|clint eastwood|cyberpunk|drugs|feminism|film noir|intellectual|keanu reeves|religion|virtual reality
176860,"group: random; alignment with me: NA; favorite movies: Brazil (1985), I Heart Huckabees (2004), Network (1976); top genre: Comedy",bill murray|cerebral|existentialism|hallucinatory|narrated|quirky|satirical|weird|wes anderson|witty
124158,"group: random; alignment with me: high alignment; favorite movies: Aliens (1986), American History X (1998), Donnie Darko (2001); top genre: Drama",anthony hopkins|bruce willis|edward norton|harrison ford|mafia|masterpiece|nonlinear|powerful ending|quentin tarantino|star wars
103856,"group: random; alignment with me: high alignment; favorite movies: All About Eve (1950), Before Sunset (2004), Cast Away (2000); top genre: Drama",alternate reality|christopher nolan|complicated|computers|dark hero|dreams|great ending|harrison ford|philosophy|tom hanks
