method,id,tags_rated,top_five_4_or_5
score(),5,9,3
score(),151,7,1
score(),176,5,2
score(),267,9,3
score(),356,89,3
score(),427,5,2
score(),434,5,2
score(),502,6,5
score(),596,13,2
score(),610,8,5
score(),783,11,2
score(),1007,5,2
score(),1241,12,5
score(),1258,40,1
score(),1284,14,2
score(),1562,24,1
score(),1688,14,2
score(),1721,33,4
score(),1960,21,3
score(),1963,8,3
score(),1966,9,3
score(),1981,5,1
score(),1994,11,4
score(),2004,9,2
score(),2022,15,1
score(),2034,8,2
score(),2080,8,3
score(),2163,7,1
score(),2278,11,3
score(),2420,8,4
score(),2450,16,0
score(),2459,24,4
score(),2580,16,2
score(),2696,11,1
score(),2791,15,3
score(),2966,10,2
score(),3066,5,4
score(),3074,5,4
score(),3100,7,3
score(),3152,13,3
score(),3201,11,3
score(),3386,16,4
score(),3420,7,4
score(),3528,7,0
score(),3668,5,3
score(),3745,19,4
score(),3831,5,3
score(),4144,24,3
score(),4155,7,1
score(),4167,9,2
score(),4255,7,2
score(),4329,6,2
score(),4427,12,1
score(),4678,7,2
score(),5014,9,2
score(),5027,6,4
score(),5222,6,3
score(),5388,15,2
score(),5954,14,1
score(),6440,20,2
score(),6541,15,2
score(),6650,24,3
score(),6755,11,3
score(),6867,8,4
score(),6953,20,4
score(),7460,8,2
score(),8607,14,2
score(),8633,5,2
score(),8947,6,1
score(),27721,8,1
score(),30707,34,1
score(),30749,17,2
score(),32017,6,3
score(),40339,9,0
score(),43836,12,2
score(),45442,6,1
score(),47997,23,5
score(),48385,20,5
score(),49932,16,3
score(),53000,14,4
score(),53519,20,1
score(),54001,16,4
score(),55805,16,1
score(),59784,18,2
score(),61248,9,3
score(),64620,9,4
score(),65514,9,3
score(),66097,23,3
score(),72733,8,2
score(),72998,51,2
score(),73344,11,3
score(),85412,14,2
score(),89904,12,1
score(),90405,27,1
score(),90430,12,1
score(),95510,22,4
score(),111362,32,5
score(),113348,12,2
score(),122896,12,1
score(),122898,19,2
score(),122912,48,2
score(),125916,13,1
score(),130634,20,1
score(),135141,18,1
score(),141866,17,4
score(),152081,12,1
score(),168492,22,4
score(),187717,7,3
score(),194951,19,3
score(),275245,17,2
popularity,5,9,3
popularity,151,7,2
popularity,176,5,2
popularity,267,9,2
popularity,356,89,4
popularity,427,5,2
popularity,434,5,2
popularity,502,6,5
popularity,596,13,2
popularity,610,8,5
popularity,783,11,2
popularity,1007,5,2
popularity,1241,12,5
popularity,1258,40,2
popularity,1284,14,1
popularity,1562,24,1
popularity,1688,14,2
popularity,1721,33,4
popularity,1960,21,4
popularity,1963,8,3
popularity,1966,9,3
popularity,1981,5,1
popularity,1994,11,4
popularity,2004,9,2
popularity,2022,15,1
popularity,2034,8,2
popularity,2080,8,2
popularity,2163,7,1
popularity,2278,11,3
popularity,2420,8,3
popularity,2450,16,3
popularity,2459,24,5
popularity,2580,16,3
popularity,2696,11,1
popularity,2791,15,3
popularity,2966,10,3
popularity,3066,5,4
popularity,3074,5,4
popularity,3100,7,2
popularity,3152,13,4
popularity,3201,11,0
popularity,3386,16,4
popularity,3420,7,3
popularity,3528,7,1
popularity,3668,5,3
popularity,3745,19,5
popularity,3831,5,3
popularity,4144,24,5
popularity,4155,7,1
popularity,4167,9,3
popularity,4255,7,3
popularity,4329,6,2
popularity,4427,12,1
popularity,4678,7,3
popularity,5014,9,3
popularity,5027,6,5
popularity,5222,6,2
popularity,5388,15,2
popularity,5954,14,1
popularity,6440,20,1
popularity,6541,15,3
popularity,6650,24,3
popularity,6755,11,4
popularity,6867,8,4
popularity,6953,20,4
popularity,7460,8,3
popularity,8607,14,3
popularity,8633,5,2
popularity,8947,6,2
popularity,27721,8,1
popularity,30707,34,3
popularity,30749,17,4
popularity,32017,6,3
popularity,40339,9,2
popularity,43836,12,2
popularity,45442,6,1
popularity,47997,23,5
popularity,48385,20,5
popularity,49932,16,4
popularity,53000,14,4
popularity,53519,20,1
popularity,54001,16,5
popularity,55805,16,1
popularity,59784,18,3
popularity,61248,9,3
popularity,64620,9,5
popularity,65514,9,4
popularity,66097,23,5
popularity,72733,8,2
popularity,72998,51,3
popularity,73344,11,3
popularity,85412,14,2
popularity,89904,12,2
popularity,90405,27,4
popularity,90430,12,3
popularity,95510,22,5
popularity,111362,32,5
popularity,113348,12,4
popularity,122896,12,1
popularity,122898,19,2
popularity,122912,48,3
popularity,125916,13,1
popularity,130634,20,2
popularity,135141,18,2
popularity,141866,17,4
popularity,152081,12,1
popularity,168492,22,5
popularity,187717,7,3
popularity,194951,19,5
popularity,275245,17,2
your own order,1258,10,3
your own order,1721,8,4
your own order,2459,5,5
your own order,4144,6,4
your own order,54001,4,4
your own order,59784,6,2
your own order,95510,5,5
your own order,122912,6,3
your own order,152081,6,1
your own order,168492,4,4
