movieId,tag,score
5,comedy,0.00027151778441487917
5,family,0.0027502750275027505
5,fantasy,0.0002195389681668496
5,heartwarming,0.0007446016381236039
5,humorous,0.0007107320540156361
5,remake,0.0010362694300518134
5,sentimental,0.001976284584980237
5,sequel,0.001238390092879257
5,touching,0.001379310344827586
151,adventure,0.0002339728591483388
151,atmospheric,0.00011063170704723974
151,biography,0.003092783505154639
151,history,0.000643915003219575
151,rape,0.0022753128555176336
151,tense,0.0004310344827586207
151,western,0.0013123359580052493
176,cult film,0.00032123353678124
176,dreams,0.0017064846416382253
176,love,0.000689655172413793
176,nudity (topless),0.0007710100231303007
176,satire,0.00035014005602240897
267,classic,0.00043840420868040335
267,comedy,0.0006787944610371979
267,cult film,0.00032123353678124
267,funny,0.0002905709719599012
267,hilarious,0.0022371364653243847
267,martial arts,0.0006527415143603133
267,military,0.0028653295128939827
267,remake,0.0010362694300518134
267,violence,0.000273972602739726
356,1980s,0.0019102196752626551
356,acting,0.00130718954248366
356,action,0.00024348672997321646
356,adventure,0.0039775386055217596
356,bad acting,0.0012987012987012987
356,based on a book,0.007798791187365958
356,beautiful,0.001265022137887413
356,biography,0.013402061855670102
356,bittersweet,0.044889779559118236
356,boring,0.0066607460035523975
356,cheesy,0.0012300123001230013
356,chick flick,0.0012239902080783353
356,classic,0.0265234546251644
356,comedy,0.015476513711648113
356,coming of age,0.0003118178983473651
356,cult classic,0.00102880658436214
356,cult film,0.00128493414712496
356,cute,0.0012360939431396785
356,dark comedy,0.0001923076923076923
356,drama,0.032627559875043385
356,emotional,0.042783505154639176
356,epic,0.015282392026578074
356,excellent script,0.0026666666666666666
356,family,0.0038503850385038503
356,fantasy,0.0002195389681668496
356,feel good movie,0.025466893039049237
356,feel-good,0.05138662316476346
356,friendship,0.002162162162162162
356,fun,0.0035842293906810036
356,funny,0.007700130756937382
356,good acting,0.03176620076238882
356,good dialogue,0.001567398119122257
356,great acting,0.02612527541706012
356,great performances,0.002
356,great soundtrack,0.011400651465798045
356,happy ending,0.0017452006980802793
356,heartwarming,0.058078927773641105
356,historical,0.0527411519777932
356,history,0.04185447520927238
356,humor,0.004172461752433936
356,humorous,0.0014214641080312722
356,imdb top 250,0.0019093078758949881
356,inspirational,0.06844281120808451
356,intense,0.0006180469715698393
356,interesting,0.0019267822736030828
356,long,0.006109979633401222
356,love,0.010344827586206896
356,love story,0.002366863905325444
356,masterpiece,0.004694835680751174
356,mental illness,0.007982969664715274
356,military,0.0066857688634192934
356,multiple storylines,0.0007552870090634441
356,narrated,0.020123839009287926
356,new york city,0.002050580997949419
356,original,0.000708215297450425
356,oscar (best picture),0.05578011317704123
356,overrated,0.007899934167215274
356,philosophical,0.0005042864346949068
356,political,0.00196078431372549
356,psychological,0.0005535566011624688
356,psychology,0.015408664582402858
356,quirky,0.011651355590410037
356,quotable,0.042692939244663386
356,racism,0.0009132420091324201
356,realistic,0.0009182736455463728
356,reflective,0.003284072249589491
356,romance,0.011458099303527296
356,sad,0.012012012012012012
356,satire,0.00035014005602240897
356,sentimental,0.04743083003952569
356,sexuality,0.02798708288482239
356,silly,0.003329633740288568
356,slow,0.000683526999316473
356,smart,0.0016339869281045752
356,social commentary,0.00022609088853719196
356,soundtrack,0.0017133066818960593
356,special effects,0.0022727272727272726
356,steven spielberg,0.0009891196834817012
356,storytelling,0.008982035928143712
356,stupid,0.0009615384615384616
356,surprise ending,0.0009606147934678194
356,thought-provoking,0.00033211557622052476
356,tom hanks,0.1901462663587375
356,too long,0.0017605633802816902
356,touching,0.06413793103448276
356,unpredictable,0.0013736263736263737
356,war,0.013071895424836602
356,whimsical,0.012845849802371542
356,witty,0.0010245901639344263
427,bad acting,0.0012987012987012987
427,horror,0.00031655587211142766
427,nudity (topless),0.00038550501156515033
427,suspense,0.00028993911278631486
427,thriller,0.000243842965130456
434,action,0.00024348672997321646
434,clint eastwood,0.003284072249589491
434,heist,0.002617801047120419
434,organized crime,0.000708215297450425
434,thriller,0.000487685930260912
502,coming of age,0.0003118178983473651
502,high school,0.0011574074074074073
502,martial arts,0.005221932114882507
502,revenge,0.0007342143906020558
502,romance,0.00022466861379465288
502,teen,0.0014084507042253522
596,animation,0.003399258343634116
596,classic,0.0017536168347216134
596,cute,0.006180469715698393
596,disney,0.009541984732824428
596,disturbing,0.0002942907592701589
596,fairy tale,0.0056657223796034
596,fantasy,0.0010976948408342481
596,fun,0.0023894862604540022
596,magic,0.00047058823529411766
596,music,0.0011045655375552283
596,musical,0.0005402485143165856
596,pixar,0.001924310455420141
596,weird,0.0008764241893076249
610,drugs,0.00045662100456621003
610,fantasy,0.0002195389681668496
610,gore,0.0007283321194464676
610,inspirational,0.00045934772622875517
610,nudity (full frontal),0.0009208103130755065
610,nudity (topless),0.0015420200462606013
610,sci-fi,0.0009077705156136529
610,surreal,0.0011100539169045353
783,animation,0.0021631644004944375
783,based on a book,0.00019496977968414895
783,dark,0.00023020257826887662
783,disney,0.009064885496183206
783,emotional,0.0005154639175257732
783,heartwarming,0.0007446016381236039
783,musical,0.004321988114532685
783,paris,0.020569620253164556
783,religion,0.0016299918500407497
783,sentimental,0.011857707509881422
783,soundtrack,0.001142204454597373
1007,acting,0.00130718954248366
1007,dialogue,0.00078003120124805
1007,disney,0.0009541984732824427
1007,funny,0.0001452854859799506
1007,silly,0.0011098779134295228
1241,absurd,0.011267605633802818
1241,black comedy,0.0034772529701535787
1241,cult classic,0.021604938271604937
1241,cult film,0.007067137809187279
1241,dark comedy,0.0001923076923076923
1241,disturbing,0.0002942907592701589
1241,funny,0.0010169984018596541
1241,gore,0.013109978150036417
1241,hilarious,0.0037285607755406414
1241,horror,0.0015827793605571383
1241,murder,0.0004950495049504951
1241,zombies,0.019769357495881382
1258,atmospheric,0.011063170704723974
1258,bad acting,0.003896103896103896
1258,based on a book,0.007018912068629362
1258,cinematography,0.0058581037101323495
1258,classic,0.009644892590968873
1258,creepy,0.010938924339106655
1258,cult film,0.021522646964343077
1258,dark,0.005755064456721915
1258,disturbing,0.023248969982342556
1258,dreamlike,0.0238290879211175
1258,family,0.0033003300330033004
1258,great acting,0.0003147623544224111
1258,hallucinatory,0.0073964497041420114
1258,horror,0.020892687559354226
1258,imdb top 250,0.007159904534606206
1258,insanity,0.006747638326585695
1258,jack nicholson,0.17313915857605178
1258,loneliness,0.0008149959250203749
1258,masterpiece,0.05868544600938967
1258,mental illness,0.029803086748270355
1258,mindfuck,0.009411050394656952
1258,murder,0.0004950495049504951
1258,mystery,0.0006863417982155113
1258,nudity (full frontal),0.02117863720073665
1258,overrated,0.009874917709019092
1258,psychological,0.03625795737614171
1258,psychological thriller,0.0016863406408094434
1258,psychology,0.009602501116569897
1258,stanley kubrick,0.16774193548387098
1258,stephen king,0.11202185792349727
1258,stylized,0.001981069777679947
1258,supernatural,0.0009900990099009901
1258,suspense,0.019425920556683098
1258,tense,0.0004310344827586207
1258,thriller,0.001463057790782736
1258,time travel,0.00025693730729701953
1258,too long,0.0017605633802816902
1258,violence,0.000547945205479452
1258,violent,0.006474820143884892
1258,visually appealing,0.012171589728365741
1284,atmospheric,0.00011063170704723974
1284,based on a book,0.0003899395593682979
1284,black and white,0.0015420200462606013
1284,classic,0.0008768084173608067
1284,crime,0.00043706293706293706
1284,detective,0.00129366106080207
1284,dialogue,0.00078003120124805
1284,film noir,0.00804289544235925
1284,imdb top 250,0.002386634844868735
1284,murder,0.0004950495049504951
1284,mystery,0.0006863417982155113
1284,neo-noir,0.0008389261744966443
1284,suspense,0.00028993911278631486
1284,thriller,0.000243842965130456
1562,action,0.001095690284879474
1562,artificial intelligence,0.00043047783039173483
1562,atmospheric,0.0002212634140944795
1562,bad acting,0.0025974025974025974
1562,bad science,0.0012453300124533001
1562,batman,0.037300177619893425
1562,black comedy,0.0002897710808461316
1562,car chase,0.0011273957158962795
1562,cheesy,0.015990159901599015
1562,comic book,0.005608524957936063
1562,death,0.0008271298593879239
1562,funny,0.0017434258317594073
1562,george clooney,0.03166666666666667
1562,heist,0.0008726003490401396
1562,martial arts,0.0006527415143603133
1562,murder,0.0004950495049504951
1562,quotable,0.0016420361247947454
1562,revenge,0.0003671071953010279
1562,sequel,0.0006191950464396285
1562,silly,0.017758046614872364
1562,soundtrack,0.001142204454597373
1562,superhero,0.004955401387512388
1562,surprise ending,0.0009606147934678194
1562,violence,0.000273972602739726
1688,adventure,0.0002339728591483388
1688,animation,0.005253399258343634
1688,classic,0.00043840420868040335
1688,cute,0.0012360939431396785
1688,funny,0.0002905709719599012
1688,great soundtrack,0.0002714440825190011
1688,love,0.000689655172413793
1688,magic,0.0009411764705882353
1688,music,0.002577319587628866
1688,musical,0.0010804970286331713
1688,romantic,0.007680491551459293
1688,soundtrack,0.001142204454597373
1688,strong female lead,0.0027155465037338763
1688,witty,0.0010245901639344263
1721,action,0.0003652300949598247
1721,atmospheric,0.005974112180550946
1721,bad acting,0.0012987012987012987
1721,based on a true story,0.012085769980506823
1721,bittersweet,0.020841683366733466
1721,chick flick,0.02937576499388005
1721,cinematography,0.00043393360815795185
1721,classic,0.0017536168347216134
1721,cliche,0.014634146341463415
1721,drama,0.015619576535925026
1721,epic,0.006644518272425249
1721,good acting,0.01397712833545108
1721,historical,0.03678001387925052
1721,history,0.005795235028976175
1721,leonardo dicaprio,0.057564575645756455
1721,long,0.01120162932790224
1721,love,0.002758620689655172
1721,love story,0.07218934911242604
1721,masterpiece,0.0011737089201877935
1721,music,0.005891016200294551
1721,nudity (topless),0.005782575173477255
1721,oscar (best picture),0.0274858528698464
1721,overrated,0.003949967083607637
1721,predictable,0.0003508771929824561
1721,realistic,0.014692378328741965
1721,romance,0.024488878903617166
1721,romantic,0.030721966205837174
1721,sentimental,0.0533596837944664
1721,survival,0.011527377521613832
1721,time travel,0.001541623843782117
1721,too long,0.0035211267605633804
1721,true story,0.014456089627755691
1721,visually appealing,0.00014843402107763098
1960,acting,0.00130718954248366
1960,based on a true story,0.003898635477582846
1960,biography,0.006185567010309278
1960,boring,0.0004440497335701599
1960,cinematography,0.002169668040789759
1960,epic,0.003986710963455149
1960,historical,0.0006939625260235947
1960,history,0.00128783000643915
1960,japan,0.0009652509652509653
1960,long,0.004073319755600814
1960,murder,0.0004950495049504951
1960,music,0.0003681885125184094
1960,oscar (best picture),0.008084074373484237
1960,prison,0.001184834123222749
1960,slow,0.000683526999316473
1960,suicide,0.0011074197120708748
1960,too long,0.0008802816901408451
1960,true story,0.0007228044813877846
1960,visually stunning,0.0005537098560354374
1960,war,0.001005530417295123
1960,world war ii,0.001078167115902965
1963,absurd,0.0014084507042253522
1963,black comedy,0.0005795421616922632
1963,dark comedy,0.0001923076923076923
1963,funny,0.0002905709719599012
1963,mockumentary,0.005454545454545455
1963,narrated,0.0015479876160990713
1963,prison,0.0035545023696682463
1963,satire,0.0007002801120448179
1966,cerebral,0.0013315579227696406
1966,christmas,0.0011574074074074073
1966,dialogue driven,0.010309278350515464
1966,drama,0.0003471017007983339
1966,intelligent,0.002230897936419409
1966,new york city,0.004101161995898838
1966,philosophy,0.0005344735435595938
1966,quotable,0.0016420361247947454
1966,witty,0.0005122950819672131
1981,cheesy,0.0036900369003690036
1981,funny,0.0001452854859799506
1981,high school,0.0005787037037037037
1981,new york city,0.000683526999316473
1981,serial killer,0.0005733944954128441
1994,1980s,0.0009551098376313276
1994,classic,0.00021920210434020167
1994,creepy,0.0027347310847766638
1994,family,0.0016501650165016502
1994,fun,0.0011947431302270011
1994,horror,0.001899335232668566
1994,love,0.000689655172413793
1994,steven spielberg,0.0009891196834817012
1994,supernatural,0.0019801980198019802
1994,suspense,0.002319512902290519
1994,thriller,0.000487685930260912
2004,christmas,0.0011574074074074073
2004,cult film,0.00032123353678124
2004,new york city,0.001367053998632946
2004,satire,0.00035014005602240897
2004,satirical,0.0009606147934678194
2004,sequel,0.0018575851393188853
2004,social commentary,0.00022609088853719196
2004,steven spielberg,0.0019782393669634025
2004,surprise ending,0.0009606147934678194
2022,based on a book,0.0007798791187365958
2022,controversial,0.0049586776859504135
2022,epic,0.000664451827242525
2022,long,0.002036659877800407
2022,love,0.000689655172413793
2022,martin scorsese,0.008253094910591471
2022,memory,0.0013333333333333333
2022,murder,0.0004950495049504951
2022,nudity (topless),0.001156515034695451
2022,religion,0.004074979625101874
2022,slow,0.000683526999316473
2022,soundtrack,0.0005711022272986865
2022,storytelling,0.0014970059880239522
2022,surrealism,0.0017809439002671415
2022,violence,0.0008219178082191781
2034,acting,0.00261437908496732
2034,bad science,0.0062266500622665
2034,dialogue,0.0015600624024961
2034,disney,0.002385496183206107
2034,robots,0.004580152671755725
2034,silly,0.004439511653718091
2034,space,0.0014013452914798206
2034,space travel,0.0026200873362445414
2080,animation,0.004326328800988875
2080,christmas,0.0011574074074074073
2080,classic,0.0008768084173608067
2080,disney,0.011927480916030535
2080,drama,0.0003471017007983339
2080,family,0.00055005500550055
2080,romance,0.0013480116827679174
2080,romantic,0.0015360983102918587
2163,bad acting,0.0012987012987012987
2163,based on a book,0.00019496977968414895
2163,cult film,0.00064246707356248
2163,funny,0.0001452854859799506
2163,musical,0.0010804970286331713
2163,parody,0.0018656716417910447
2163,sci-fi,9.077705156136529e-05
2278,action,0.00024348672997321646
2278,boring,0.0004440497335701599
2278,car chase,0.02367531003382187
2278,crime,0.005681818181818182
2278,intelligent,0.007808142777467931
2278,mafia,0.0020242914979757085
2278,organized crime,0.0035410764872521247
2278,paris,0.0015822784810126582
2278,robert de niro,0.015367727771679473
2278,thriller,0.000487685930260912
2278,violence,0.000273972602739726
2420,1980s,0.0009551098376313276
2420,classic,0.003288031565103025
2420,comedy,0.00027151778441487917
2420,coming of age,0.0012472715933894605
2420,feel-good,0.004078303425774877
2420,inspirational,0.003215434083601286
2420,martial arts,0.016318537859007835
2420,violence,0.000273972602739726
2450,1980s,0.0019102196752626551
2450,action,0.0003652300949598247
2450,aliens,0.0009538950715421304
2450,alternate reality,0.0009182736455463728
2450,apocalypse,0.001081081081081081
2450,cheesy,0.0012300123001230013
2450,comic book,0.0005608524957936063
2450,cult classic,0.00102880658436214
2450,cult film,0.0016061676839061998
2450,fun,0.0011947431302270011
2450,funny,0.0002905709719599012
2450,martial arts,0.0006527415143603133
2450,marvel,0.0010655301012253596
2450,sci-fi,0.0002723311546840959
2450,silly,0.0011098779134295228
2450,superhero,0.0002477700693756194
2459,atmospheric,0.002544529262086514
2459,brutal,0.001893939393939394
2459,cinematography,0.0010848340203948796
2459,cult classic,0.00102880658436214
2459,cult film,0.00032123353678124
2459,dark,0.0025322283609576428
2459,death,0.0008271298593879239
2459,disturbing,0.009711595055915245
2459,family,0.00055005500550055
2459,friendship,0.00036036036036036037
2459,gore,0.0007283321194464676
2459,gothic,0.00922266139657444
2459,horror,0.007913896802785692
2459,insanity,0.001349527665317139
2459,intense,0.001854140914709518
2459,murder,0.0004950495049504951
2459,paranoia,0.001447178002894356
2459,road trip,0.001091703056768559
2459,serial killer,0.0011467889908256881
2459,surprise ending,0.0009606147934678194
2459,survival,0.0011527377521613833
2459,suspense,0.00028993911278631486
2459,tense,0.008189655172413794
2459,violence,0.000273972602739726
2580,black comedy,0.006374963778614894
2580,car chase,0.002254791431792559
2580,christmas,0.003472222222222222
2580,comedy,0.0013575889220743959
2580,crime,0.00043706293706293706
2580,cult film,0.00032123353678124
2580,dark comedy,0.0003846153846153846
2580,drugs,0.009589041095890411
2580,ensemble cast,0.0008032128514056225
2580,funny,0.0001452854859799506
2580,humorous,0.0021321961620469083
2580,multiple storylines,0.015105740181268883
2580,nonlinear,0.0019038553069966682
2580,nudity (topless),0.002313030069390902
2580,revenge,0.0007342143906020558
2580,storytelling,0.0029940119760479044
2696,classic,0.00021920210434020167
2696,clever,0.0028089887640449437
2696,comedy,0.0010860711376595167
2696,dialogue driven,0.001718213058419244
2696,epic,0.000664451827242525
2696,funny,0.0011622838878396049
2696,good acting,0.0012706480304955528
2696,good dialogue,0.001567398119122257
2696,hilarious,0.0007457121551081282
2696,paris,0.004746835443037975
2696,witty,0.0005122950819672131
2791,absurd,0.07887323943661972
2791,classic,0.007233669443226655
2791,clever,0.0007022471910112359
2791,comedy,0.005294596796090144
2791,dark comedy,0.0009615384615384616
2791,fun,0.0011947431302270011
2791,funny,0.0042132790934185675
2791,genius,0.0016339869281045752
2791,hilarious,0.011185682326621925
2791,original,0.000708215297450425
2791,parody,0.029850746268656716
2791,quotable,0.021346469622331693
2791,romance,0.00044933722758930576
2791,silly,0.018867924528301886
2791,war,0.001005530417295123
2966,acting,0.00130718954248366
2966,based on a true story,0.0015594541910331384
2966,biography,0.0010309278350515464
2966,boring,0.0017761989342806395
2966,disney,0.00047709923664122136
2966,family,0.0033003300330033004
2966,imdb top 250,0.00047732696897374703
2966,inspirational,0.002756086357372531
2966,road trip,0.021834061135371178
2966,slow,0.004784688995215311
3066,history,0.00128783000643915
3066,japan,0.0019305019305019305
3066,military,0.0009551098376313276
3066,war,0.0005027652086475615
3066,world war ii,0.004851752021563342
3074,atmospheric,0.000885053656377918
3074,based on a book,0.0003899395593682979
3074,gritty,0.0031380753138075313
3074,revenge,0.0003671071953010279
3074,survival,0.0011527377521613833
3100,beautifully filmed,0.0015455950540958269
3100,brad pitt,0.00501432664756447
3100,cinematography,0.0015187676285528314
3100,classic,0.00043840420868040335
3100,coming of age,0.0003118178983473651
3100,father-son relationship,0.0007251631617113851
3100,religion,0.0008149959250203749
3152,bittersweet,0.0008016032064128256
3152,black and white,0.0030840400925212026
3152,christmas,0.0011574074074074073
3152,coming of age,0.002806361085126286
3152,death,0.0008271298593879239
3152,friendship,0.00036036036036036037
3152,gay,0.0013605442176870747
3152,high school,0.0011574074074074073
3152,love,0.000689655172413793
3152,nudity (topless),0.0007710100231303007
3152,reflective,0.003284072249589491
3152,sexuality,0.002152852529601722
3152,twist ending,0.00016523463317911433
3201,classic,0.00021920210434020167
3201,clever,0.0007022471910112359
3201,cult film,0.00032123353678124
3201,existentialism,0.0010504201680672268
3201,friendship,0.00036036036036036037
3201,intellectual,0.0016260162601626016
3201,jack nicholson,0.008090614886731391
3201,love,0.000689655172413793
3201,melancholy,0.0014814814814814814
3201,nudity (topless),0.0007710100231303007
3201,road trip,0.001091703056768559
3386,boring,0.0008880994671403197
3386,conspiracy,0.003484320557491289
3386,controversial,0.006611570247933884
3386,death,0.0008271298593879239
3386,dialogue,0.00078003120124805
3386,drama,0.0003471017007983339
3386,ensemble cast,0.0008032128514056225
3386,great acting,0.0003147623544224111
3386,historical,0.0034698126301179735
3386,history,0.0038634900193174502
3386,investigation,0.00273224043715847
3386,long,0.0010183299389002036
3386,overrated,0.0006583278472679394
3386,politics,0.010714285714285714
3386,thriller,0.000243842965130456
3386,true story,0.0003614022406938923
3420,al pacino,0.010086455331412104
3420,comedy,0.00013575889220743959
3420,corruption,0.0009107468123861566
3420,crime,0.00043706293706293706
3420,drama,0.0010413051023950017
3420,satire,0.00035014005602240897
3420,suspense,0.00028993911278631486
3528,based on a book,0.00019496977968414895
3528,gay,0.0013605442176870747
3528,intense,0.0006180469715698393
3528,memory,0.0013333333333333333
3528,mental illness,0.0005321979776476849
3528,new york city,0.000683526999316473
3528,rape,0.0011376564277588168
3668,beautiful,0.0018975332068311196
3668,drama,0.0003471017007983339
3668,love,0.000689655172413793
3668,realistic,0.0009182736455463728
3668,romance,0.0008986744551786115
3745,aliens,0.0003179650238473768
3745,animation,0.0030902348578491965
3745,apocalypse,0.001081081081081081
3745,cliche,0.0016260162601626016
3745,cult film,0.00032123353678124
3745,dystopia,0.00019402405898331392
3745,father-son relationship,0.0014503263234227702
3745,future,0.0009178522257916476
3745,futuristic,0.0007230657989877079
3745,love,0.000689655172413793
3745,matt damon,0.0010482180293501049
3745,murder,0.0004950495049504951
3745,plot holes,0.001091703056768559
3745,post-apocalyptic,0.0029004189494038026
3745,prison,0.001184834123222749
3745,sci-fi,0.0007262164124909223
3745,space,0.0033632286995515697
3745,space travel,0.007860262008733625
3745,violence,0.000273972602739726
3831,british,0.0008628127696289905
3831,british comedy,0.004573170731707317
3831,comedy,0.00013575889220743959
3831,drugs,0.0013698630136986301
3831,england,0.00228310502283105
4144,atmospheric,0.005310321938267508
4144,beautiful,0.002530044275774826
4144,bittersweet,0.0056112224448897794
4144,cinematography,0.00021696680407897592
4144,confusing,0.0018796992481203006
4144,cute,0.0012360939431396785
4144,great acting,0.0015738117721120553
4144,great cinematography,0.001949317738791423
4144,great soundtrack,0.0002714440825190011
4144,japan,0.0009652509652509653
4144,loneliness,0.030969845150774247
4144,love,0.001379310344827586
4144,martial arts,0.0006527415143603133
4144,masterpiece,0.01056338028169014
4144,melancholy,0.04296296296296296
4144,music,0.009941089837997054
4144,psychological,0.0016606698034874066
4144,romantic,0.0030721966205837174
4144,slow,0.000683526999316473
4144,soundtrack,0.0074243289548829245
4144,stylized,0.006383447061413163
4144,unique,0.008012820512820512
4144,visually appealing,0.0029686804215526197
4144,visually stunning,0.017718715393133997
4155,cliche,0.0032520325203252032
4155,drama,0.0013884068031933356
4155,keanu reeves,0.009036144578313253
4155,love,0.002758620689655172
4155,quirky,0.00022406453058480843
4155,sad,0.006006006006006006
4155,twist ending,0.0006609385327164573
4167,death,0.0008271298593879239
4167,detective,0.00129366106080207
4167,humorous,0.0007107320540156361
4167,new york city,0.000683526999316473
4167,nudity (topless),0.001156515034695451
4167,prison,0.001184834123222749
4167,revenge,0.0007342143906020558
4167,suspense,0.00028993911278631486
4167,violence,0.0008219178082191781
4255,absurd,0.014084507042253521
4255,boring,0.0008880994671403197
4255,funny,0.0004358564579398518
4255,surreal,0.000792895654931811
4255,surrealism,0.003561887800534283
4255,weird,0.0035056967572304996
4255,witty,0.0015368852459016393
4329,atmospheric,0.00011063170704723974
4329,humorous,0.0007107320540156361
4329,murder,0.0009900990099009901
4329,quirky,0.0006721935917544253
4329,tense,0.0004310344827586207
4329,western,0.003937007874015748
4427,anthony hopkins,0.00909090909090909
4427,christmas,0.0023148148148148147
4427,england,0.001141552511415525
4427,father-son relationship,0.0014503263234227702
4427,gay,0.0013605442176870747
4427,great acting,0.0003147623544224111
4427,great dialogue,0.0018552875695732839
4427,great performances,0.004
4427,historical,0.0013879250520471894
4427,history,0.0025756600128783
4427,intelligent,0.002230897936419409
4427,witty,0.0005122950819672131
4678,cult film,0.00064246707356248
4678,fun,0.0023894862604540022
4678,funny,0.0001452854859799506
4678,parody,0.0012437810945273632
4678,quirky,0.001120322652924042
4678,satire,0.0010504201680672268
4678,weird,0.0008764241893076249
5014,acting,0.00130718954248366
5014,bittersweet,0.0004008016032064128
5014,feel-good,0.004893964110929853
5014,mental illness,0.004789781798829164
5014,psychology,0.0022331397945511387
5014,soundtrack,0.0005711022272986865
5014,thought-provoking,0.0008302889405513118
5014,touching,0.0034482758620689655
5014,unrealistic,0.004457652303120356
5027,action,0.00012174336498660823
5027,comedy,0.00013575889220743959
5027,crime,0.00043706293706293706
5027,investigation,0.001366120218579235
5027,nudity (topless),0.00038550501156515033
5027,prison,0.0035545023696682463
5222,cute,0.003708281829419036
5222,gay,0.0013605442176870747
5222,new york city,0.002050580997949419
5222,predictable,0.0007017543859649122
5222,relationships,0.005
5222,sexuality,0.008611410118406888
5388,al pacino,0.04610951008645533
5388,atmospheric,0.002102002433897555
5388,christopher nolan,0.026624068157614485
5388,corruption,0.01092896174863388
5388,dark,0.0006906077348066298
5388,detective,0.02328589909443726
5388,love,0.000689655172413793
5388,murder,0.005445544554455445
5388,neo-noir,0.0008389261744966443
5388,psychological,0.00498200941046222
5388,psychology,0.0031263957123715946
5388,remake,0.0062176165803108805
5388,robin williams,0.03783783783783784
5388,soundtrack,0.0005711022272986865
5388,thought-provoking,0.0028229823978744603
5954,crime,0.0021853146853146855
5954,dark,0.00023020257826887662
5954,depressing,0.009633911368015413
5954,drugs,0.0045662100456621
5954,edward norton,0.047073791348600506
5954,friendship,0.002162162162162162
5954,homosexuality,0.0017301038062283738
5954,japan,0.0009652509652509653
5954,melancholy,0.0014814814814814814
5954,new york city,0.005468215994531784
5954,powerful ending,0.02781289506953224
5954,prison,0.001184834123222749
5954,psychology,0.0026797677534613666
5954,surrealism,0.0008904719501335708
6440,apocalypse,0.001081081081081081
6440,black comedy,0.0002897710808461316
6440,cinematography,0.00021696680407897592
6440,coen brothers,0.041371158392434985
6440,cult film,0.00032123353678124
6440,dark comedy,0.0001923076923076923
6440,disturbing,0.004120070629782225
6440,hallucinatory,0.026627218934911243
6440,murder,0.0004950495049504951
6440,neo-noir,0.0016778523489932886
6440,new york city,0.002050580997949419
6440,quirky,0.004481290611696168
6440,satire,0.00035014005602240897
6440,serial killer,0.0005733944954128441
6440,stylized,0.002201188641866608
6440,surprise ending,0.0009606147934678194
6440,surreal,0.001585791309863622
6440,surrealism,0.0008904719501335708
6440,twist,0.010438413361169102
6440,weird,0.0043821209465381246
6541,alternate reality,0.0004591368227731864
6541,comic book,0.005608524957936063
6541,cult film,0.00032123353678124
6541,england,0.001141552511415525
6541,gothic,0.017127799736495388
6541,martial arts,0.0006527415143603133
6541,murder,0.0004950495049504951
6541,nazis,0.0014771048744460858
6541,suicide,0.0011074197120708748
6541,superhero,0.0014866204162537165
6541,supernatural,0.0009900990099009901
6541,surprise ending,0.0009606147934678194
6541,too long,0.0008802816901408451
6541,vampires,0.01371571072319202
6541,violence,0.000273972602739726
6650,based on a book,0.0005849093390524469
6650,black and white,0.002313030069390902
6650,black comedy,0.0008693132425383947
6650,british comedy,0.003048780487804878
6650,cliche,0.0016260162601626016
6650,comedy,0.00013575889220743959
6650,dark comedy,0.0001923076923076923
6650,drama,0.0003471017007983339
6650,england,0.00228310502283105
6650,family,0.00055005500550055
6650,friendship,0.00036036036036036037
6650,humorous,0.0021321961620469083
6650,imdb top 250,0.0009546539379474941
6650,murder,0.0014851485148514852
6650,narrated,0.0015479876160990713
6650,plot twist,0.00047824007651841227
6650,prison,0.002369668246445498
6650,revenge,0.0003671071953010279
6650,satire,0.0007002801120448179
6650,satirical,0.0009606147934678194
6650,serial killer,0.0034403669724770644
6650,storytelling,0.0014970059880239522
6650,suicide,0.0011074197120708748
6650,witty,0.0025614754098360654
6755,comedy,0.0006787944610371979
6755,cult classic,0.00102880658436214
6755,cult film,0.00064246707356248
6755,death,0.0008271298593879239
6755,funny,0.0001452854859799506
6755,great soundtrack,0.0002714440825190011
6755,hilarious,0.002982848620432513
6755,horror,0.00031655587211142766
6755,martial arts,0.0006527415143603133
6755,mental illness,0.0026609898882384245
6755,quirky,0.002016580775263276
6867,cute,0.003708281829419036
6867,friendship,0.006126126126126126
6867,loneliness,0.02444987775061125
6867,melancholy,0.013333333333333334
6867,quirky,0.004929419672865786
6867,satirical,0.0067243035542747355
6867,slow paced,0.003289473684210526
6867,touching,0.000689655172413793
6953,boring,0.0004440497335701599
6953,crime,0.00043706293706293706
6953,death,0.01240694789081886
6953,depressing,0.0038535645472061657
6953,drama,0.0017355085039916696
6953,intense,0.0006180469715698393
6953,melancholy,0.007407407407407408
6953,multiple storylines,0.015861027190332326
6953,murder,0.0009900990099009901
6953,nonlinear,0.014754878629224179
6953,nudity (topless),0.001156515034695451
6953,psychological,0.008580127318018268
6953,realistic,0.005509641873278237
6953,religion,0.009779951100244499
6953,remake,0.002072538860103627
6953,revenge,0.0007342143906020558
6953,slow,0.000683526999316473
6953,storytelling,0.0014970059880239522
6953,thriller,0.000243842965130456
6953,violent,0.0007194244604316547
7460,atmospheric,0.0009956853634251576
7460,bill murray,0.014285714285714285
7460,black and white,0.013878180416345412
7460,boring,0.0004440497335701599
7460,dialogue,0.0062402496099844
7460,dialogue driven,0.013745704467353952
7460,good dialogue,0.001567398119122257
7460,surreal,0.0011100539169045353
8607,anime,0.015297906602254429
8607,black comedy,0.0002897710808461316
8607,car chase,0.0011273957158962795
8607,christmas,0.006944444444444444
8607,comedy,0.00013575889220743959
8607,dark comedy,0.0001923076923076923
8607,drama,0.0003471017007983339
8607,family,0.0011001100110011
8607,funny,0.0001452854859799506
8607,japan,0.0028957528957528956
8607,multiple storylines,0.0007552870090634441
8607,overrated,0.0006583278472679394
8607,social commentary,0.00022609088853719196
8607,surrealism,0.0008904719501335708
8633,1980s,0.0038204393505253103
8633,aliens,0.0009538950715421304
8633,bad acting,0.0012987012987012987
8633,cheesy,0.0024600246002460025
8633,space,0.0014013452914798206
8947,atmospheric,0.00011063170704723974
8947,horror,0.0022158911047799935
8947,japan,0.009652509652509652
8947,nonlinear,0.0009519276534983341
8947,remake,0.00932642487046632
8947,suicide,0.0011074197120708748
27721,based on a book,0.00019496977968414895
27721,boring,0.0004440497335701599
27721,confusing,0.0037593984962406013
27721,depressing,0.0009633911368015414
27721,paris,0.0015822784810126582
27721,romance,0.002022017524151876
27721,slow paced,0.001644736842105263
27721,war,0.0005027652086475615
30707,bittersweet,0.01282565130260521
30707,cheesy,0.0012300123001230013
30707,clint eastwood,0.10180623973727422
30707,dark,0.004834254143646409
30707,dark hero,0.0014124293785310734
30707,death,0.0008271298593879239
30707,depressing,0.010597302504816955
30707,drama,0.012842762929538355
30707,emotional,0.00979381443298969
30707,england,0.001141552511415525
30707,friendship,0.0007207207207207207
30707,good acting,0.0025412960609911056
30707,great acting,0.0012590494176896443
30707,gritty,0.01778242677824268
30707,imdb top 250,0.002863961813842482
30707,inspirational,0.005512172714745062
30707,intense,0.0012360939431396785
30707,morgan freeman,0.04780114722753346
30707,murder,0.0004950495049504951
30707,mythology,0.0015337423312883436
30707,narrated,0.02321981424148607
30707,oscar (best picture),0.014551333872271624
30707,overrated,0.0019749835418038184
30707,philosophical,0.0005042864346949068
30707,predictable,0.0003508771929824561
30707,road trip,0.001091703056768559
30707,sad,0.006006006006006006
30707,slow,0.000683526999316473
30707,slow paced,0.001644736842105263
30707,social commentary,0.005200090436355415
30707,strong female lead,0.010862186014935505
30707,suicide,0.009966777408637873
30707,thought-provoking,0.005812022583859183
30707,violence,0.0032876712328767125
30749,based on a true story,0.008187134502923977
30749,biography,0.0010309278350515464
30749,classic,0.0008768084173608067
30749,death,0.0008271298593879239
30749,depressing,0.015414258188824663
30749,drama,0.004512322110378341
30749,family,0.00055005500550055
30749,history,0.018673535093367676
30749,imdb top 250,0.002386634844868735
30749,murder,0.0004950495049504951
30749,racism,0.0136986301369863
30749,sad,0.0015015015015015015
30749,survival,0.012680115273775217
30749,thriller,0.000975371860521824
30749,true story,0.01734730755330683
30749,violence,0.0008219178082191781
30749,war,0.010055304172951232
32017,action,0.00012174336498660823
32017,disney,0.00047709923664122136
32017,espionage,0.0006958942240779402
32017,family,0.0016501650165016502
32017,predictable,0.0003508771929824561
32017,spy,0.0010111223458038423
40339,aliens,0.0012718600953895071
40339,animation,0.0012360939431396785
40339,coming of age,0.0006236357966947302
40339,cute,0.0012360939431396785
40339,disney,0.002385496183206107
40339,father-son relationship,0.002175489485134155
40339,funny,0.0002905709719599012
40339,pixar,0.0012828736369467607
40339,silly,0.0022197558268590455
43836,comedy,0.0006787944610371979
43836,crime,0.0008741258741258741
43836,cult film,0.00032123353678124
43836,death,0.0008271298593879239
43836,heist,0.0008726003490401396
43836,investigation,0.00546448087431694
43836,murder,0.0004950495049504951
43836,mystery,0.00034317089910775565
43836,new york city,0.000683526999316473
43836,parody,0.0006218905472636816
43836,remake,0.0031088082901554403
43836,spy,0.0010111223458038423
45442,boring,0.0004440497335701599
45442,predictable,0.0017543859649122807
45442,remake,0.002072538860103627
45442,survival,0.001729106628242075
45442,suspense,0.00028993911278631486
45442,unrealistic,0.008915304606240713
47997,black comedy,0.0002897710808461316
47997,car chase,0.0011273957158962795
47997,cult film,0.00032123353678124
47997,dark comedy,0.008076923076923077
47997,dystopia,0.009507178890182382
47997,friendship,0.00036036036036036037
47997,funny,0.0004358564579398518
47997,future,0.01330885727397889
47997,futuristic,0.0007230657989877079
47997,genius,0.006535947712418301
47997,military,0.0009551098376313276
47997,narrated,0.0030959752321981426
47997,overrated,0.0006583278472679394
47997,politics,0.0007142857142857143
47997,prison,0.001184834123222749
47997,satire,0.01680672268907563
47997,satirical,0.0009606147934678194
47997,social commentary,0.00926972643002487
47997,space,0.0002802690582959641
47997,stupid,0.0019230769230769232
47997,surprise ending,0.0009606147934678194
47997,thought-provoking,0.004815675855197609
47997,time travel,0.001541623843782117
48385,absurd,0.005633802816901409
48385,boring,0.0013321492007104796
48385,classic,0.00021920210434020167
48385,comedy,0.0040727667662231876
48385,controversial,0.09090909090909091
48385,crude humor,0.09556313993174062
48385,feminism,0.0028208744710860366
48385,funny,0.005520848467238123
48385,hilarious,0.005965697240865026
48385,love,0.000689655172413793
48385,mockumentary,0.11454545454545455
48385,new york city,0.003417634996582365
48385,nudity (full frontal),0.013812154696132596
48385,overrated,0.0026333113890717576
48385,quotable,0.009852216748768473
48385,racism,0.0136986301369863
48385,road trip,0.03384279475982533
48385,satire,0.027661064425770307
48385,social commentary,0.011304544426859598
48385,weird,0.0008764241893076249
49932,atmospheric,0.0018807390198030756
49932,boring,0.0026642984014209592
49932,cinematography,0.002169668040789759
49932,confusing,0.007518796992481203
49932,dark,0.001841620626151013
49932,disturbing,0.005591524426133019
49932,dreamlike,0.0004108463434675431
49932,long,0.0010183299389002036
49932,mindfuck,0.006071645415907711
49932,murder,0.0009900990099009901
49932,nudity (topless),0.001156515034695451
49932,slow,0.001367053998632946
49932,stylized,0.00022011886418666079
49932,surreal,0.005391690453536315
49932,unique,0.020833333333333332
49932,weird,0.014899211218229623
53000,action,0.00024348672997321646
53000,death,0.0008271298593879239
53000,england,0.001141552511415525
53000,gore,0.0007283321194464676
53000,military,0.0038204393505253103
53000,music,0.0003681885125184094
53000,plot holes,0.001091703056768559
53000,post-apocalyptic,0.011923944569771189
53000,sequel,0.0037151702786377707
53000,supernatural,0.0009900990099009901
53000,surprise ending,0.0009606147934678194
53000,survival,0.0069164265129683
53000,violence,0.000273972602739726
53000,zombies,0.028830313014827018
53519,black comedy,0.0002897710808461316
53519,car chase,0.03269447576099211
53519,dark comedy,0.0001923076923076923
53519,dialogue,0.01014040561622465
53519,feminism,0.009873060648801129
53519,friendship,0.00036036036036036037
53519,gore,0.0014566642388929353
53519,great dialogue,0.03896103896103896
53519,great soundtrack,0.006514657980456026
53519,murder,0.0004950495049504951
53519,overrated,0.0013166556945358788
53519,quentin tarantino,0.027043269230769232
53519,revenge,0.002936857562408223
53519,slow,0.004784688995215311
53519,slow paced,0.029605263157894735
53519,stylish,0.01288659793814433
53519,stylized,0.00286154523442659
53519,too long,0.008802816901408451
53519,violence,0.0016438356164383563
53519,violent,0.0014388489208633094
54001,adventure,0.0002339728591483388
54001,based on a book,0.005849093390524468
54001,beautiful,0.0006325110689437065
54001,boring,0.0004440497335701599
54001,coming of age,0.004677268475210477
54001,england,0.001141552511415525
54001,fantasy,0.008781558726673985
54001,fantasy world,0.018886679920477135
54001,imagination,0.0014771048744460858
54001,long,0.008146639511201629
54001,magic,0.02164705882352941
54001,music,0.0003681885125184094
54001,sequel,0.0006191950464396285
54001,soundtrack,0.0005711022272986865
54001,supernatural,0.0009900990099009901
54001,teen,0.0028169014084507044
55805,acting,0.006535947712418301
55805,crime,0.00043706293706293706
55805,death,0.0008271298593879239
55805,drama,0.0003471017007983339
55805,drugs,0.0013698630136986301
55805,investigation,0.001366120218579235
55805,murder,0.0004950495049504951
55805,neo-noir,0.0008389261744966443
55805,new york city,0.001367053998632946
55805,nonlinear,0.007615421227986673
55805,nudity (topless),0.004240555127216654
55805,sad,0.0015015015015015015
55805,social commentary,0.0004521817770743839
55805,tense,0.0017241379310344827
55805,thriller,0.000243842965130456
55805,violence,0.000273972602739726
59784,acting,0.00130718954248366
59784,action,0.0003652300949598247
59784,animation,0.010815822002472188
59784,anti-hero,0.013709063214013708
59784,atmospheric,0.00011063170704723974
59784,clever,0.0007022471910112359
59784,comedy,0.004344284550638067
59784,cult film,0.00032123353678124
59784,cute,0.0012360939431396785
59784,family,0.00055005500550055
59784,father-son relationship,0.00435097897026831
59784,funny,0.002905709719599012
59784,great soundtrack,0.0002714440825190011
59784,martial arts,0.015665796344647518
59784,pixar,0.012828736369467608
59784,prison,0.001184834123222749
59784,touching,0.002758620689655172
59784,violence,0.000547945205479452
61248,action,0.0003652300949598247
61248,car chase,0.0011273957158962795
61248,cheesy,0.0012300123001230013
61248,dystopia,0.00019402405898331392
61248,gore,0.0007283321194464676
61248,predictable,0.0003508771929824561
61248,prison,0.001184834123222749
61248,remake,0.004145077720207254
61248,violence,0.001095890410958904
64620,based on a true story,0.007797270955165692
64620,boring,0.0013321492007104796
64620,good acting,0.0063532401524777635
64620,historical,0.0013879250520471894
64620,history,0.0128783000643915
64620,intelligent,0.0005577244841048522
64620,politics,0.017857142857142856
64620,suspense,0.002319512902290519
64620,true story,0.0028912179255511385
65514,action,0.0023131239347455564
65514,biography,0.012371134020618556
65514,cliche,0.0016260162601626016
65514,drama,0.0010413051023950017
65514,family,0.00055005500550055
65514,inspirational,0.0013780431786862655
65514,martial arts,0.025456919060052218
65514,predictable,0.0003508771929824561
65514,racism,0.0009132420091324201
66097,alternate reality,0.02066115702479339
66097,animation,0.01668726823238566
66097,atmospheric,0.000442526828188959
66097,based on a book,0.005069214271787873
66097,boring,0.0008880994671403197
66097,creepy,0.040109389243391066
66097,dark,0.011970534069981584
66097,depressing,0.0009633911368015414
66097,dystopia,0.0036864571206829647
66097,fairy tale,0.024551463644948063
66097,fantasy,0.002854006586169045
66097,fantasy world,0.017892644135188866
66097,gothic,0.04084321475625823
66097,overrated,0.0006583278472679394
66097,slow,0.002050580997949419
66097,storytelling,0.010479041916167664
66097,surreal,0.013479226133840786
66097,thought-provoking,0.00016605778811026238
66097,tim burton,0.030346820809248554
66097,unique,0.0016025641025641025
66097,visually appealing,0.00014843402107763098
66097,visually stunning,0.023255813953488372
66097,whimsical,0.001976284584980237
72733,based on a true story,0.0007797270955165692
72733,biography,0.0010309278350515464
72733,clint eastwood,0.011494252873563218
72733,drama,0.0003471017007983339
72733,matt damon,0.007337526205450734
72733,morgan freeman,0.009560229445506692
72733,politics,0.0007142857142857143
72733,racism,0.0036529680365296802
72998,action,0.0012174336498660824
72998,adventure,0.0002339728591483388
72998,aliens,0.031160572337042926
72998,animation,0.00030902348578491963
72998,bad science,0.039850560398505604
72998,beautiful,0.02340290955091714
72998,beautiful scenery,0.23952095808383234
72998,boring,0.0004440497335701599
72998,cinematography,0.0017357344326318074
72998,cliche,0.01951219512195122
72998,dialogue,0.00078003120124805
72998,drama,0.004165220409580007
72998,epic,0.008637873754152824
72998,fantasy,0.00570801317233809
72998,funny,0.0002905709719599012
72998,future,0.0009178522257916476
72998,futuristic,0.09327548806941431
72998,great soundtrack,0.0005428881650380022
72998,happy ending,0.0017452006980802793
72998,heartwarming,0.0007446016381236039
72998,imdb top 250,0.007159904534606206
72998,intense,0.0006180469715698393
72998,long,0.017311608961303463
72998,love story,0.001183431952662722
72998,military,0.04680038204393505
72998,music,0.010677466863033874
72998,mythology,0.027607361963190184
72998,overrated,0.0019749835418038184
72998,philosophical,0.0005042864346949068
72998,politics,0.019285714285714285
72998,predictable,0.028421052631578948
72998,racism,0.030136986301369864
72998,robots,0.0007633587786259542
72998,romance,0.008762075937991463
72998,sci-fi,0.013616557734204794
72998,science,0.001394700139470014
72998,science fiction,0.022853185595567867
72998,social commentary,0.0045218177707438394
72998,space,0.002522421524663677
72998,space travel,0.0026200873362445414
72998,special effects,0.04772727272727273
72998,surreal,0.0001585791309863622
72998,technology,0.009216589861751152
72998,thought-provoking,0.010627698439056792
72998,too long,0.03697183098591549
72998,unrealistic,0.0014858841010401188
72998,violent,0.0057553956834532375
72998,virtual reality,0.0025348542458808617
72998,visually appealing,0.0023749443372420957
72998,visually stunning,0.0636766334440753
72998,war,0.014580191050779286
73344,acting,0.00130718954248366
73344,cinematography,0.002169668040789759
73344,corruption,0.0009107468123861566
73344,drugs,0.00045662100456621003
73344,great acting,0.0015738117721120553
73344,gritty,0.005230125523012552
73344,long,0.004073319755600814
73344,mafia,0.011133603238866396
73344,overrated,0.0013166556945358788
73344,prison,0.011848341232227487
73344,psychology,0.0006699419383653417
85412,action,0.00012174336498660823
85412,adventure,0.0002339728591483388
85412,atmospheric,0.000885053656377918
85412,bad acting,0.0025974025974025974
85412,boring,0.0008880994671403197
85412,comedy,0.00013575889220743959
85412,conspiracy,0.0078397212543554
85412,fantasy,0.0002195389681668496
85412,horror,0.00031655587211142766
85412,mindfuck,0.00030358227079538557
85412,mockumentary,0.04181818181818182
85412,mythology,0.03834355828220859
85412,original,0.002124645892351275
85412,religion,0.0024449877750611247
89904,black and white,0.009252120277563608
89904,boring,0.0026642984014209592
89904,cinematography,0.0010848340203948796
89904,drama,0.0010413051023950017
89904,emotional,0.0005154639175257732
89904,original,0.014164305949008499
89904,oscar (best picture),0.008084074373484237
89904,overrated,0.0006583278472679394
89904,romance,0.0022466861379465287
89904,sentimental,0.001976284584980237
89904,silly,0.0011098779134295228
89904,visually appealing,0.0029686804215526197
90405,anti-hero,0.0015232292460015233
90405,boring,0.0004440497335701599
90405,car chase,0.002254791431792559
90405,cheesy,0.025830258302583026
90405,corruption,0.014571948998178506
90405,crime,0.0026223776223776225
90405,cyberpunk,0.000741839762611276
90405,death,0.0008271298593879239
90405,detective,0.00129366106080207
90405,dystopia,0.012999611951882033
90405,existentialism,0.0010504201680672268
90405,future,0.018815970628728775
90405,love,0.000689655172413793
90405,murder,0.0004950495049504951
90405,original,0.014164305949008499
90405,plot holes,0.026200873362445413
90405,predictable,0.0007017543859649122
90405,reflective,0.0049261083743842365
90405,revenge,0.0003671071953010279
90405,sci-fi,0.005900508351488744
90405,social commentary,0.00813927198733891
90405,suicide,0.0022148394241417496
90405,surprise ending,0.0009606147934678194
90405,suspense,0.004059147579008408
90405,thought-provoking,0.008801062769843906
90405,thriller,0.000975371860521824
90405,violence,0.000273972602739726
90430,acting,0.00130718954248366
90430,dark comedy,0.001153846153846154
90430,dialogue,0.0046801872074883
90430,dialogue driven,0.00859106529209622
90430,drama,0.0003471017007983339
90430,ensemble cast,0.00642570281124498
90430,good acting,0.029224904701397714
90430,psychological,0.0016606698034874066
90430,psychology,0.0006699419383653417
90430,satire,0.0063025210084033615
90430,satirical,0.0009606147934678194
90430,social commentary,0.003843545105132263
95510,action,0.002556610664718773
95510,christmas,0.0011574074074074073
95510,comic book,0.010095344924284913
95510,death,0.0008271298593879239
95510,dialogue,0.00078003120124805
95510,funny,0.0002905709719599012
95510,good dialogue,0.001567398119122257
95510,high school,0.0005787037037037037
95510,intense,0.0012360939431396785
95510,love,0.0020689655172413794
95510,martial arts,0.0006527415143603133
95510,marvel,0.013851891315929675
95510,murder,0.0004950495049504951
95510,new york city,0.001367053998632946
95510,overrated,0.0006583278472679394
95510,remake,0.008290155440414507
95510,revenge,0.0007342143906020558
95510,romance,0.0008986744551786115
95510,special effects,0.014772727272727272
95510,superhero,0.00817641228939544
95510,surprise ending,0.0019212295869356388
95510,violence,0.000273972602739726
111362,action,0.0017044071098125152
111362,artificial intelligence,0.00043047783039173483
111362,comedy,0.00013575889220743959
111362,comic book,0.0028042624789680315
111362,cyberpunk,0.000741839762611276
111362,death,0.0008271298593879239
111362,dialogue,0.00078003120124805
111362,disney,0.00047709923664122136
111362,dystopia,0.00019402405898331392
111362,ensemble cast,0.0008032128514056225
111362,funny,0.0001452854859799506
111362,martial arts,0.0006527415143603133
111362,marvel,0.015450186467767715
111362,military,0.0019102196752626551
111362,murder,0.0004950495049504951
111362,new york city,0.000683526999316473
111362,nonlinear,0.00047596382674916705
111362,paris,0.0015822784810126582
111362,prison,0.001184834123222749
111362,revenge,0.0003671071953010279
111362,sci-fi,0.0009077705156136529
111362,science fiction,0.0034626038781163434
111362,sequel,0.002476780185758514
111362,social commentary,0.00022609088853719196
111362,special effects,0.0011363636363636363
111362,superhero,0.010158572844400396
111362,surprise ending,0.0009606147934678194
111362,surrealism,0.0008904719501335708
111362,survival,0.0005763688760806917
111362,suspense,0.00028993911278631486
111362,time travel,0.013874614594039054
111362,violence,0.000273972602739726
113348,action,0.0003652300949598247
113348,comic book,0.002243409983174425
113348,conspiracy,0.0008710801393728223
113348,fun,0.0011947431302270011
113348,martial arts,0.0026109660574412533
113348,new york city,0.000683526999316473
113348,plot holes,0.001091703056768559
113348,remake,0.0010362694300518134
113348,silly,0.0011098779134295228
113348,superhero,0.0007433102081268583
113348,surprise ending,0.0009606147934678194
113348,violence,0.000273972602739726
122896,action,0.00012174336498660823
122896,adventure,0.0009358914365933552
122896,dark,0.00023020257826887662
122896,disney,0.00047709923664122136
122896,fantasy,0.0004390779363336992
122896,funny,0.0004358564579398518
122896,johnny depp,0.012079378774805867
122896,plot holes,0.002183406113537118
122896,sequel,0.006191950464396285
122896,special effects,0.004545454545454545
122896,violence,0.0008219178082191781
122896,violent,0.0007194244604316547
122898,apocalypse,0.001081081081081081
122898,assassin,0.0009560229445506692
122898,batman,0.019538188277087035
122898,comic book,0.0005608524957936063
122898,dark hero,0.0014124293785310734
122898,death,0.0008271298593879239
122898,dialogue,0.00078003120124805
122898,ensemble cast,0.0024096385542168677
122898,humor,0.0013908205841446453
122898,investigation,0.001366120218579235
122898,martial arts,0.0006527415143603133
122898,marvel,0.0005327650506126798
122898,murder,0.0004950495049504951
122898,prison,0.001184834123222749
122898,sequel,0.0006191950464396285
122898,superhero,0.0027254707631318136
122898,surrealism,0.0008904719501335708
122898,technology,0.001152073732718894
122898,violence,0.000273972602739726
122912,action,0.004382761139517896
122912,adventure,0.001169864295741694
122912,aliens,0.004133545310015898
122912,alternate reality,0.0004591368227731864
122912,anti-hero,0.002284843869002285
122912,apocalypse,0.001081081081081081
122912,assassin,0.0009560229445506692
122912,boring,0.0004440497335701599
122912,comic book,0.025799214806505887
122912,cult film,0.00032123353678124
122912,dark,0.007366482504604052
122912,death,0.0206782464846981
122912,emotional,0.021649484536082474
122912,ensemble cast,0.024899598393574297
122912,epic,0.007308970099667774
122912,fantasy,0.0004390779363336992
122912,funny,0.002179282289699259
122912,great acting,0.0003147623544224111
122912,humor,0.004172461752433936
122912,magic,0.0051764705882352945
122912,martial arts,0.0006527415143603133
122912,marvel,0.04368673415023974
122912,murder,0.0004950495049504951
122912,new york city,0.002050580997949419
122912,paranoia,0.001447178002894356
122912,plot holes,0.001091703056768559
122912,predictable,0.005263157894736842
122912,revenge,0.0003671071953010279
122912,robert downey jr.,0.06892230576441102
122912,sad,0.028528528528528527
122912,samuel l. jackson,0.010526315789473684
122912,sci-fi,0.000635439360929557
122912,sequel,0.0006191950464396285
122912,silly,0.004439511653718091
122912,slow,0.000683526999316473
122912,space,0.008688340807174889
122912,space travel,0.0008733624454148472
122912,stupid,0.0009615384615384616
122912,suicide,0.005537098560354375
122912,superhero,0.021060455896927652
122912,surprise ending,0.0009606147934678194
122912,surrealism,0.0008904719501335708
122912,suspense,0.0005798782255726297
122912,time travel,0.009763617677286743
122912,violence,0.000273972602739726
122912,visually appealing,0.004304586611251299
122912,visually stunning,0.020487264673311186
122912,war,0.005027652086475616
125916,bad acting,0.0012987012987012987
125916,based on a book,0.002924546695262234
125916,boring,0.0013321492007104796
125916,chick flick,0.0024479804161566705
125916,drama,0.0003471017007983339
125916,fantasy,0.0002195389681668496
125916,love,0.004137931034482759
125916,nudity (topless),0.003469545104086353
125916,plot holes,0.007641921397379912
125916,psychological,0.0002767783005812344
125916,sexuality,0.007534983853606028
125916,soundtrack,0.001142204454597373
125916,stupid,0.008653846153846154
130634,action,0.0009739469198928658
130634,car chase,0.011273957158962795
130634,crime,0.0008741258741258741
130634,drama,0.0006942034015966678
130634,emotional,0.0005154639175257732
130634,ensemble cast,0.001606425702811245
130634,family,0.0011001100110011
130634,great soundtrack,0.0005428881650380022
130634,happy ending,0.013961605584642234
130634,heist,0.0008726003490401396
130634,humorous,0.0007107320540156361
130634,long,0.0010183299389002036
130634,plot holes,0.001091703056768559
130634,revenge,0.0025697503671071953
130634,silly,0.0011098779134295228
130634,stupid,0.0009615384615384616
130634,suspense,0.0005798782255726297
130634,technology,0.001152073732718894
130634,thriller,0.000243842965130456
130634,unrealistic,0.004457652303120356
135141,action,0.00012174336498660823
135141,bad science,0.0012453300124533001
135141,based on a book,0.0007798791187365958
135141,conspiracy,0.0008710801393728223
135141,corruption,0.0009107468123861566
135141,dystopia,0.002328288707799767
135141,futuristic,0.0007230657989877079
135141,martial arts,0.0006527415143603133
135141,memory,0.0013333333333333333
135141,plot holes,0.0054585152838427945
135141,plot twist,0.00047824007651841227
135141,predictable,0.0010526315789473684
135141,revenge,0.0003671071953010279
135141,sequel,0.0037151702786377707
135141,social commentary,0.00022609088853719196
135141,surrealism,0.0008904719501335708
135141,technology,0.001152073732718894
135141,violence,0.000273972602739726
141866,action,0.0003652300949598247
141866,atmospheric,0.00011063170704723974
141866,cheesy,0.0012300123001230013
141866,cinematography,0.00043393360815795185
141866,confusing,0.0018796992481203006
141866,drugs,0.0013698630136986301
141866,gore,0.003641660597232338
141866,murder,0.0004950495049504951
141866,music,0.0007363770250368188
141866,revenge,0.0018355359765051395
141866,stylish,0.001288659793814433
141866,stylized,0.00022011886418666079
141866,survival,0.013256484149855908
141866,suspense,0.002029573789504204
141866,thriller,0.002926115581565472
141866,violence,0.000273972602739726
141866,war,0.001005530417295123
152081,animation,0.006180469715698393
152081,conspiracy,0.0017421602787456446
152081,cute,0.037082818294190356
152081,disney,0.00715648854961832
152081,friendship,0.008648648648648649
152081,funny,0.00726427429899753
152081,humor,0.015299026425591099
152081,racism,0.03561643835616438
152081,revenge,0.0007342143906020558
152081,social commentary,0.012887180646619941
152081,strong female lead,0.005431093007467753
152081,visually stunning,0.018826135105204873
168492,1980s,0.011461318051575931
168492,artistic,0.0022988505747126436
168492,atmospheric,0.002987056090275473
168492,boring,0.0017761989342806395
168492,cinematography,0.00043393360815795185
168492,coming of age,0.014967259120673527
168492,dialogue driven,0.006872852233676976
168492,emotional,0.004123711340206186
168492,gay,0.053061224489795916
168492,good acting,0.0012706480304955528
168492,great acting,0.0003147623544224111
168492,homosexuality,0.02422145328719723
168492,love,0.000689655172413793
168492,love story,0.001183431952662722
168492,melancholy,0.011851851851851851
168492,overrated,0.0006583278472679394
168492,romance,0.007863401482812851
168492,sexuality,0.006458557588805167
168492,slow,0.001367053998632946
168492,too long,0.0017605633802816902
168492,touching,0.000689655172413793
168492,visually appealing,0.0029686804215526197
187717,based on a true story,0.001949317738791423
187717,biography,0.01134020618556701
187717,documentary,0.02569593147751606
187717,emotional,0.0015463917525773195
187717,heartwarming,0.008935219657483246
187717,love,0.004137931034482759
187717,tom hanks,0.0007698229407236335
194951,apocalypse,0.00972972972972973
194951,atmospheric,0.0007744219493306782
194951,based on a book,0.0003899395593682979
194951,boring,0.0013321492007104796
194951,creepy,0.0054694621695533276
194951,drama,0.0017355085039916696
194951,dystopia,0.00543267365153279
194951,future,0.0004589261128958238
194951,horror,0.005698005698005698
194951,nonlinear,0.00047596382674916705
194951,overrated,0.004608294930875576
194951,plot holes,0.007641921397379912
194951,post-apocalyptic,0.01675797615211086
194951,predictable,0.0007017543859649122
194951,slow paced,0.009868421052631578
194951,suicide,0.016611295681063124
194951,survival,0.02420749279538905
194951,suspense,0.002319512902290519
194951,thriller,0.00487685930260912
275245,aliens,0.0069952305246422895
275245,black comedy,0.0002897710808461316
275245,confusing,0.0018796992481203006
275245,creepy,0.0009115770282588879
275245,dark comedy,0.0001923076923076923
275245,dark humor,0.001282051282051282
275245,horror,0.00031655587211142766
275245,long,0.0010183299389002036
275245,mystery,0.00034317089910775565
275245,psychological thriller,0.01011804384485666
275245,satire,0.00035014005602240897
275245,sci-fi,0.0014524328249818446
275245,surrealism,0.0008904719501335708
275245,suspenseful,0.036231884057971016
275245,thriller,0.0021945866861741038
275245,unique,0.02403846153846154
275245,western,0.0013123359580052493
